PerformanceID,EmployeeID,ReviewDate,EnvironmentSatisfaction,JobSatisfaction,RelationshipSatisfaction,TrainingOpportunitiesWithinYear,TrainingOpportunitiesTaken,WorkLifeBalance,SelfRating,ManagerRating
PR111,EE12-1C73,2013-04-23,3,4,5,3,0,4,3,3
PR1226,F546-D965,2016-08-12,5,4,5,2,3,2,3,2
PR132,AB61-2A7E,2013-05-09,4,2,3,3,1,5,4,3
PR1400,8941-0BAC,2017-01-11,3,4,4,3,0,3,4,3
PR1402,9E87-533E,2017-01-12,5,2,5,2,0,3,3,2
PR1423,A42A-4000,2017-01-20,4,4,3,3,1,3,5,5
PR1791,DA17-A31F,2017-07-22,2,1,3,1,3,2,3,2
PR1805,4D95-ECAD,2017-08-02,5,2,2,1,1,3,5,5
PR1879,B347-DA2D,2017-10-04,3,4,5,2,2,3,5,5
PR1932,7A2A-0600,2017-11-10,4,2,3,2,0,3,4,3
PR2208,1787-DF90,2018-03-25,5,5,2,2,2,5,5,4
PR2255,55FD-42E9,2018-04-14,5,2,4,1,1,5,5,4
PR2371,91C6-564B,2018-06-01,3,3,3,1,1,3,5,5
PR2442,F220-AAA6,2018-07-12,5,2,2,1,1,5,4,3
PR2542,C973-E8E5,2018-09-09,4,2,4,2,1,2,5,5
PR257,0FC3-2572,2014-03-21,3,2,4,1,2,4,4,4
PR265,E9AB-3F99,2014-03-26,5,3,4,1,0,3,4,3
PR2685,E927-46D7,2018-12-06,5,5,3,1,1,5,5,5
PR2827,F1A8-7140,2019-02-06,5,5,5,2,2,5,3,2
PR2867,0F53-9877,2019-02-22,4,4,3,3,0,5,3,2
PR3050,9385-321B,2019-05-02,5,5,4,3,2,3,3,2
PR3240,31E1-001F,2019-07-18,5,5,5,1,1,2,3,3
PR326,C560-23D6,2014-05-09,4,3,4,2,1,2,4,4
PR3302,7E76-154C,2019-08-15,3,4,3,2,1,4,4,4
PR3356,7623-9AF1,2019-09-15,3,4,2,2,2,3,5,4
PR3385,4C06-7031,2019-10-02,3,4,4,1,0,4,3,2
PR3391,0FE8-B881,2019-10-04,5,2,5,2,3,4,5,4
PR3398,12A7-AFD6,2019-10-10,5,3,4,3,0,3,3,2
PR3453,4FA9-D343,2019-11-06,3,4,4,2,3,4,5,4
PR357,37D7-54B9,2014-06-10,4,4,5,2,1,3,5,4
PR3591,4563-8637,2020-01-09,1,3,1,2,1,4,5,4
PR3603,974D-9F8F,2020-01-13,5,4,4,3,1,5,4,4
PR3643,B529-2745,2020-01-26,3,2,5,1,2,4,3,3
PR367,0D60-C312,2014-07-16,4,2,4,2,3,5,5,4
PR3690,4BED-C7C2,2020-02-11,3,5,5,3,2,4,4,3
PR3762,3044-EB49,2020-03-05,3,2,5,3,2,5,5,4
PR388,7A1F-F1A3,2014-08-30,5,5,5,2,1,4,5,5
PR3921,FB1F-9947,2020-04-27,4,2,5,3,0,5,5,5
PR3931,84D8-1A04,2020-04-30,4,4,4,2,2,4,5,5
PR3944,9C6C-E5CE,2020-05-04,4,3,5,1,2,5,4,4
PR3971,5AC6-91D4,2020-05-13,5,3,2,2,0,3,3,3
PR4035,8533-B8FA,2020-06-04,4,5,2,1,1,3,5,4
PR4083,6542-3E93,2020-06-24,3,4,4,1,1,2,3,3
PR4218,B24C-18BF,2020-08-14,3,5,2,3,0,3,4,4
PR4292,2FC8-999D,2020-09-19,5,3,2,2,1,3,3,2
PR4298,46D6-CA7A,2020-09-22,3,3,2,1,0,2,4,3
PR4359,A6AA-56AE,2020-10-22,3,3,2,2,1,3,3,3
PR4403,BAB4-3AC8,2020-11-07,3,4,4,2,2,4,4,3
PR4422,FB5B-C127,2020-11-16,4,3,2,2,1,5,4,4
PR4464,1A82-AF2C,2020-12-04,3,3,4,3,1,2,5,5
PR447,2B5B-7A52,2015-01-06,3,5,5,3,3,5,3,3
PR4473,939F-2461,2020-12-10,3,2,4,3,1,2,3,3
PR4544,66D5-3142,2021-01-05,3,3,3,1,1,3,4,4
PR4594,43DD-6998,2021-01-18,3,3,4,1,0,5,3,3
PR4611,6227-9D9E,2021-01-25,4,3,3,3,1,2,5,4
PR4619,449E-0EB7,2021-01-28,4,2,2,3,0,2,4,3
PR4651,F80F-29CB,2021-02-05,3,4,4,1,1,5,4,4
PR4727,6819-65F3,2021-03-02,5,3,3,3,2,5,4,4
PR4775,BC5E-3B7B,2021-03-16,5,3,2,1,2,3,5,4
PR4863,E899-A860,2021-04-12,4,4,4,3,1,2,4,3
PR4895,A11D-324A,2021-04-22,3,5,4,3,2,2,5,4
PR4897,B5C6-A760,2021-04-22,4,3,2,3,1,5,5,5
PR4904,B8C3-5E0A,2021-04-24,4,3,2,3,1,4,3,2
PR4929,ADB8-7B07,2021-05-01,3,3,4,3,1,5,3,2
PR4930,D92F-63AD,2021-05-01,5,3,3,1,3,4,4,4
PR494,E151-8C7D,2015-02-04,4,3,5,1,1,5,3,2
PR4951,7B47-C915,2021-05-09,5,4,5,1,1,4,3,3
PR5073,1C6C-3B67,2021-06-18,3,4,4,1,2,5,5,5
PR5130,AB3B-98D9,2021-07-08,3,3,5,3,3,3,3,2
PR5151,61E5-836E,2021-07-14,4,5,4,3,2,4,4,3
PR5165,5EB3-47F6,2021-07-18,3,3,4,2,1,2,4,4
PR5170,617A-5092,2021-07-19,3,4,3,1,0,1,3,2
PR5177,4875-109B,2021-07-22,5,5,4,2,0,3,3,3
PR5200,07AF-3631,2021-08-01,4,3,3,2,1,2,3,3
PR5216,6731-1425,2021-08-07,3,4,4,3,0,3,4,4
PR5258,7A5A-CC91,2021-08-20,5,5,2,2,3,4,4,4
PR5275,3D47-6A75,2021-08-29,4,2,3,2,2,5,3,3
PR5279,BD97-F94D,2021-08-31,4,4,2,2,1,3,4,3
PR5288,AFC3-E23F,2021-09-02,4,4,5,2,3,2,3,3
PR5309,F7B0-E6B2,2021-09-12,5,3,4,1,0,4,4,4
PR5398,5A29-B9F4,2021-10-23,4,2,5,3,2,4,4,4
PR5406,B375-26A9,2021-10-25,4,4,3,3,0,3,5,4
PR5407,2698-A448,2021-10-26,4,3,3,2,0,1,3,3
PR5429,29AC-099C,2021-11-03,3,2,2,3,0,2,3,3
PR5449,8DB6-5FC6,2021-11-08,3,5,4,2,0,3,4,4
PR5451,A0EC-C4AE,2021-11-08,5,5,5,3,0,4,3,3
PR5484,1053-41B1,2021-11-22,4,5,4,1,3,4,5,5
PR5526,BC21-2167,2021-12-12,5,2,3,2,2,5,3,2
PR5559,A859-9A84,2021-12-23,5,2,2,3,0,3,3,2
PR5563,ADA1-966E,2021-12-24,3,2,4,2,0,4,3,2
PR5564,B0C8-E3DF,2021-12-24,5,2,2,2,0,5,4,3
PR5581,41EC-F2AA,2021-12-31,5,3,5,2,3,5,3,2
PR5582,8462-E88A,2021-12-31,4,2,5,2,3,5,4,4
PR5583,B57F-B5CE,2021-12-31,3,2,3,2,3,5,4,4
PR5584,24FA-A637,2021-12-31,5,3,2,1,0,2,5,5
PR5588,DF71-97FB,2022-01-01,5,5,5,1,2,2,3,3
PR5589,2637-BDCD,2022-01-01,5,5,3,2,1,2,5,4
PR5592,89A6-7EF1,2022-01-02,3,3,4,3,1,2,3,2
PR5593,4C66-6E16,2022-01-02,5,4,5,1,1,3,4,4
PR5594,5609-8585,2022-01-02,5,3,2,1,0,2,4,4
PR5595,0C6D-2825,2022-01-02,4,5,5,1,0,5,5,5
PR5596,9536-9492,2022-01-02,4,2,2,2,1,2,5,4
PR5599,0592-D909,2022-01-04,5,4,3,3,1,3,5,5
PR5600,12E5-9BD1,2022-01-04,4,3,4,3,1,3,4,4
PR5603,58F5-C8FC,2022-01-06,3,4,5,1,2,4,4,3
PR5604,3C78-06E7,2022-01-06,4,5,2,1,0,4,4,4
PR5605,4C72-E72F,2022-01-06,5,2,4,3,0,4,4,4
PR5606,63E0-439B,2022-01-06,5,4,3,1,1,5,3,3
PR5607,C251-2A18,2022-01-07,5,5,2,1,2,5,5,5
PR5608,79E4-6632,2022-01-07,5,3,2,3,0,3,3,2
PR5609,4304-4B4E,2022-01-07,5,5,5,1,1,5,3,3
PR5613,D106-E487,2022-01-08,4,4,3,3,0,4,5,5
PR5614,7805-8A7C,2022-01-08,2,3,1,3,2,4,3,2
PR5615,FAB0-2FF2,2022-01-08,2,1,3,3,2,4,4,3
PR5616,8EF9-CECD,2022-01-08,4,3,3,3,1,3,4,3
PR5621,9591-C955,2022-01-10,5,3,2,1,0,3,5,5
PR5622,576B-6628,2022-01-10,4,2,2,1,1,5,5,5
PR5623,F58A-302D,2022-01-11,3,4,5,1,2,4,5,5
PR5626,B340-5AD2,2022-01-12,3,3,3,1,0,4,5,5
PR5627,CDAC-40FE,2022-01-12,4,4,3,1,1,3,5,4
PR5629,3992-22AD,2022-01-13,3,2,5,1,0,2,5,4
PR5630,BD94-98E0,2022-01-13,4,5,2,1,1,4,3,2
PR5635,63B8-CCC0,2022-01-14,5,5,3,3,2,5,4,3
PR5636,79D0-C935,2022-01-14,5,4,4,3,0,5,3,3
PR5637,2796-828F,2022-01-14,5,5,5,2,0,2,5,5
PR5640,EDC5-6FB7,2022-01-15,4,4,4,3,2,4,5,5
PR5644,6BAB-8D77,2022-01-16,3,2,1,2,0,1,5,4
PR5645,7F24-55A3,2022-01-16,4,2,2,1,2,3,3,2
PR5648,D921-AC35,2022-01-17,3,3,2,3,2,2,3,2
PR5649,6A8B-EC82,2022-01-17,4,3,5,2,0,4,4,3
PR5650,3B2D-9E60,2022-01-17,4,5,2,3,1,4,3,2
PR5652,2374-7581,2022-01-18,5,5,3,2,1,2,4,3
PR5653,D3EB-610D,2022-01-18,5,2,4,3,0,5,4,3
PR5654,74B4-CB7A,2022-01-18,3,2,2,3,1,5,5,5
PR5656,C1E8-5AAB,2022-01-19,5,3,3,2,1,4,5,4
PR5657,FB4B-067E,2022-01-19,3,2,5,3,2,5,4,4
PR5660,F98B-61B3,2022-01-20,3,3,5,3,0,5,3,3
PR5667,E1FE-67B5,2022-01-23,5,4,3,3,0,3,4,3
PR5670,FBED-F86B,2022-01-25,2,3,3,1,0,2,3,3
PR5671,4049-CF88,2022-01-25,1,4,3,3,1,1,3,2
PR5672,81C2-E188,2022-01-26,2,2,1,3,0,3,5,5
PR5676,B56D-46CE,2022-01-27,5,4,3,2,0,5,5,4
PR5679,257B-8130,2022-01-28,3,4,4,1,3,4,4,3
PR5682,2E7B-43F0,2022-01-29,4,4,3,3,0,4,5,4
PR5683,4F22-FF67,2022-01-29,4,2,5,2,0,5,5,5
PR5686,E099-3FCC,2022-01-31,4,4,1,3,1,4,5,4
PR5687,0B19-EFB2,2022-01-31,4,4,1,2,0,3,4,4
PR5688,3182-7F44,2022-01-31,3,3,3,1,0,2,5,5
PR5689,B0B9-19C6,2022-01-31,5,5,5,3,0,4,3,3
PR5693,9658-7750,2022-02-01,3,5,4,1,0,5,3,2
PR5694,B0C3-E578,2022-02-01,3,2,5,2,3,4,4,3
PR5695,5F06-D3F6,2022-02-01,5,2,4,3,1,4,3,2
PR5698,A885-BF42,2022-02-02,3,1,2,1,0,1,5,5
PR5699,EF95-30A5,2022-02-02,3,4,3,3,1,4,5,5
PR5704,B975-943A,2022-02-03,3,2,4,2,2,4,4,4
PR5705,C250-AF15,2022-02-03,4,2,3,1,2,4,3,3
PR5706,B122-D3D2,2022-02-03,4,4,5,2,1,4,5,5
PR5707,45A4-C1D0,2022-02-03,5,5,2,1,1,3,3,3
PR5708,DB6B-88DA,2022-02-03,5,5,4,3,0,2,4,4
PR5712,1453-D3D8,2022-02-05,4,2,3,3,2,3,4,4
PR5713,5AD2-3B02,2022-02-05,3,4,5,1,0,3,5,5
PR5714,3DCC-7FA4,2022-02-06,5,2,5,2,0,4,4,4
PR5715,56FC-5C6E,2022-02-06,3,4,2,2,1,3,5,4
PR5718,DF63-0D3C,2022-02-07,5,2,2,2,3,4,4,3
PR5719,B995-E5CE,2022-02-07,5,5,2,2,0,4,4,3
PR5728,B2D6-A355,2022-02-11,5,2,3,3,0,2,4,4
PR5729,7D2D-3831,2022-02-11,4,2,2,1,1,5,4,4
PR5731,0CF8-1EBD,2022-02-12,3,3,2,3,1,2,3,3
PR5732,388D-DB68,2022-02-12,5,5,5,2,0,4,5,5
PR5733,6828-1F30,2022-02-12,3,5,2,3,2,3,4,4
PR5734,AE73-B863,2022-02-12,3,4,2,2,0,5,5,5
PR5736,55B1-3712,2022-02-13,4,2,2,3,2,4,4,3
PR5739,F1B6-31B7,2022-02-14,4,4,5,2,1,4,5,5
PR5740,C8FA-B6FE,2022-02-14,4,4,5,2,3,5,4,3
PR5741,3261-373A,2022-02-15,4,2,4,2,1,4,5,4
PR5745,EEA0-C109,2022-02-16,4,4,5,3,1,2,5,5
PR5746,55DC-C0F0,2022-02-18,5,3,3,3,2,3,4,3
PR5749,B437-FCF8,2022-02-19,3,2,4,2,3,2,4,4
PR5750,2D04-D0A5,2022-02-19,3,3,3,1,0,2,5,5
PR5754,CED0-8D31,2022-02-20,3,3,3,1,1,3,4,4
PR5755,E210-F193,2022-02-20,4,5,2,2,1,4,4,3
PR5759,C6A8-4E8A,2022-02-21,5,4,2,3,2,3,5,5
PR5761,7DA1-A202,2022-02-22,4,4,2,2,2,5,3,2
PR5762,2E25-987F,2022-02-22,5,4,4,2,0,5,4,3
PR5763,200B-1979,2022-02-23,3,4,5,3,2,2,3,2
PR5765,7816-BF57,2022-02-24,5,5,4,1,2,5,4,3
PR5766,D6D2-184B,2022-02-24,3,3,2,3,2,3,5,4
PR5767,DB54-E47D,2022-02-24,3,2,4,2,2,2,5,5
PR5772,0CFA-28A3,2022-02-26,5,4,3,1,1,2,3,3
PR5777,82B4-8569,2022-02-27,3,3,5,3,1,4,4,3
PR5782,6EDB-94B7,2022-02-28,5,2,2,1,1,5,3,3
PR5783,93B1-6510,2022-02-28,3,5,3,1,1,4,5,5
PR5784,E2A0-930A,2022-02-28,5,2,5,2,1,2,4,3
PR5787,ABB5-0B95,2022-03-01,4,3,4,1,2,4,3,3
PR5788,BC43-E62B,2022-03-01,3,3,2,1,0,2,4,3
PR5793,03D3-AA88,2022-03-02,4,5,5,2,0,3,3,2
PR5795,5AA7-C7BA,2022-03-03,3,3,2,2,1,5,3,3
PR5796,70CB-4A9B,2022-03-03,3,5,2,2,0,4,5,4
PR5797,3F5B-6277,2022-03-03,5,2,5,1,2,2,5,5
PR5798,9ED3-ED64,2022-03-03,5,4,4,1,0,3,5,5
PR5803,468A-E249,2022-03-04,4,5,5,3,1,5,5,5
PR5804,36E1-3DDF,2022-03-04,4,5,4,2,1,5,4,3
PR5808,ACD5-5FA2,2022-03-05,3,5,3,2,0,3,3,3
PR5809,E7F5-0AD1,2022-03-05,3,5,4,2,2,5,5,5
PR5810,ABC2-0036,2022-03-05,3,3,5,3,0,3,4,3
PR5814,5F5B-83B1,2022-03-06,5,5,5,1,1,2,5,4
PR5815,54D0-5A71,2022-03-06,3,3,2,3,1,4,3,2
PR5816,D86B-2E5E,2022-03-07,3,4,4,1,1,5,3,3
PR5820,1BCC-100B,2022-03-08,5,4,5,2,0,5,3,3
PR5822,F72B-49FF,2022-03-09,5,3,4,3,0,2,4,4
PR5823,A161-29FC,2022-03-09,3,5,2,3,2,3,3,2
PR5824,1E20-2FFF,2022-03-09,3,5,5,1,2,2,5,4
PR5827,34FB-D8F3,2022-03-10,5,2,4,3,1,3,3,3
PR5828,5795-08D3,2022-03-11,4,2,3,3,1,4,5,4
PR5835,5F4E-EE5A,2022-03-13,4,3,3,1,1,2,3,3
PR5836,3C31-30CB,2022-03-13,3,2,2,3,1,5,5,5
PR5837,A7BB-F5A7,2022-03-14,4,3,1,3,2,1,3,3
PR5838,D383-714B,2022-03-14,3,4,1,2,0,2,3,2
PR5841,D077-169C,2022-03-16,5,3,5,1,1,3,5,5
PR5842,B44E-8AEE,2022-03-16,4,5,2,1,1,5,3,2
PR5843,5381-86E4,2022-03-16,3,3,4,2,1,5,5,4
PR5847,3F3F-E438,2022-03-17,5,5,2,2,2,4,3,2
PR5848,88B8-EB84,2022-03-18,5,5,2,1,0,3,5,4
PR5849,9C57-828C,2022-03-18,5,3,5,3,1,4,3,3
PR5850,7961-A93B,2022-03-18,3,2,5,1,1,4,4,3
PR5851,284C-8CB0,2022-03-19,4,5,4,1,0,4,3,3
PR5852,59F5-F57D,2022-03-20,3,4,4,2,2,4,4,3
PR5853,25F5-0EAF,2022-03-20,4,5,2,2,1,3,3,3
PR5854,40CC-6231,2022-03-20,4,3,2,2,1,2,5,5
PR5855,8F38-A4DD,2022-03-20,3,4,3,3,1,5,4,4
PR5857,CCE7-36ED,2022-03-21,4,3,2,3,1,3,3,3
PR5858,E399-E4F6,2022-03-21,4,3,2,1,3,2,5,5
PR586,A807-DE5D,2015-03-31,5,3,3,3,1,2,4,3
PR5861,C6D7-A568,2022-03-22,4,2,4,1,1,3,5,4
PR5862,4862-E40F,2022-03-22,3,4,2,1,1,3,4,3
PR5863,1368-8327,2022-03-22,4,5,2,3,0,2,4,3
PR5864,6957-5180,2022-03-22,5,5,2,3,1,5,4,3
PR5867,0846-2064,2022-03-23,3,4,4,1,0,3,3,2
PR5868,78C8-02B8,2022-03-23,4,4,4,3,2,4,5,4
PR587,DD04-BDF8,2015-03-31,4,3,4,3,2,4,5,5
PR5870,6010-A052,2022-03-24,4,3,5,1,1,5,3,2
PR5871,5634-9D10,2022-03-24,3,3,3,2,0,4,3,2
PR5872,E6F7-EF68,2022-03-24,3,5,3,1,0,2,3,3
PR5873,5F2E-A68B,2022-03-25,4,5,4,3,0,4,5,5
PR5874,E442-1FEE,2022-03-25,3,5,5,3,0,2,4,3
PR5875,4FAC-96CB,2022-03-25,5,4,5,1,2,2,3,2
PR5876,4FBA-4591,2022-03-25,3,5,4,2,0,5,5,5
PR5877,86C5-8987,2022-03-25,3,1,4,3,1,3,3,2
PR5879,47A0-559B,2022-03-26,1,4,3,2,2,3,3,3
PR5880,A954-6310,2022-03-26,3,5,2,1,3,2,5,4
PR5881,C525-8BB9,2022-03-26,5,4,3,1,0,3,5,4
PR5882,9671-222C,2022-03-26,4,5,5,1,0,5,4,4
PR5883,9AAB-DCD0,2022-03-27,4,5,5,1,0,5,5,4
PR5884,9412-7AA6,2022-03-27,4,3,4,1,1,2,3,3
PR5885,184D-06FF,2022-03-27,3,3,2,2,1,3,3,3
PR5886,B0C2-0E3D,2022-03-27,1,2,1,1,0,4,5,4
PR5887,00E4-3D60,2022-03-28,1,2,2,3,0,2,4,4
PR5888,DD1E-583D,2022-03-28,1,2,2,2,1,2,5,4
PR5889,7B30-BAC8,2022-03-28,4,5,2,1,3,4,3,3
PR5891,8BCA-723F,2022-03-29,4,4,5,3,0,5,5,5
PR5892,BFAF-1ED1,2022-03-29,3,4,5,1,0,2,4,4
PR5894,86E2-73D1,2022-03-30,3,5,4,1,1,4,4,3
PR5895,C520-6F2B,2022-03-30,3,4,4,1,0,2,4,3
PR5896,A53B-DF3C,2022-03-30,5,5,2,3,0,5,3,2
PR5897,D933-AAC4,2022-03-30,4,5,4,1,2,3,4,3
PR5898,46C8-1E24,2022-03-30,4,3,4,1,2,2,4,3
PR5899,A105-470B,2022-03-31,5,2,3,2,3,4,4,3
PR590,E071-137E,2015-04-02,4,2,2,1,0,4,3,2
PR5902,819A-2C9C,2022-04-01,4,4,5,2,1,2,4,4
PR5903,2D85-ABDD,2022-04-01,5,2,3,1,2,4,4,4
PR5905,05F0-6F7B,2022-04-02,5,3,2,1,0,4,5,5
PR5906,1424-0B0C,2022-04-02,4,5,4,1,1,2,3,3
PR5907,D4DF-162F,2022-04-02,5,3,4,3,1,5,3,3
PR5908,6653-BD41,2022-04-03,4,4,3,2,0,4,4,3
PR5909,B49A-7D79,2022-04-03,5,3,2,1,1,2,3,3
PR591,0210-E0D8,2015-04-03,4,4,4,2,1,2,3,2
PR5910,20CA-404E,2022-04-03,3,4,3,3,1,2,5,5
PR5914,C95C-CE06,2022-04-04,3,1,4,2,0,4,5,5
PR5916,EDF2-2659,2022-04-05,3,4,5,3,3,4,3,2
PR5917,676C-C884,2022-04-05,3,5,4,2,1,2,4,3
PR5919,2BD8-20A6,2022-04-07,3,2,3,1,1,3,3,3
PR592,07B2-D67A,2015-04-03,5,3,5,3,0,4,3,2
PR5922,8EA4-9179,2022-04-08,4,3,4,2,1,4,4,3
PR5923,61E2-6540,2022-04-08,4,2,2,1,2,3,3,2
PR5924,6B7D-82DB,2022-04-08,4,5,2,3,0,2,4,3
PR5926,F430-0404,2022-04-09,3,4,3,1,1,5,4,4
PR5927,8733-BC3C,2022-04-09,4,3,4,1,1,5,3,2
PR5928,0BAF-7454,2022-04-09,4,3,3,3,2,2,3,2
PR5932,D7F8-1775,2022-04-10,5,2,2,1,2,3,3,2
PR5933,9071-14B2,2022-04-10,4,5,5,1,0,2,5,4
PR5936,21C8-00EC,2022-04-11,3,5,3,1,1,5,3,2
PR5937,8373-07C6,2022-04-11,3,3,2,2,1,5,3,3
PR5944,AC19-7EE7,2022-04-14,4,2,3,3,1,3,4,3
PR5945,4B7E-9DE5,2022-04-14,3,3,4,1,0,3,4,4
PR5948,96F4-896C,2022-04-15,5,4,5,3,2,3,3,2
PR5949,B52E-BF41,2022-04-15,4,5,5,3,1,2,5,4
PR595,1799-5B3F,2015-04-06,5,4,4,3,1,3,3,2
PR5952,10E9-4C86,2022-04-16,3,3,4,3,0,5,3,2
PR5953,6661-FA04,2022-04-16,3,2,5,2,1,5,3,3
PR5954,AB81-A3A0,2022-04-17,5,5,4,2,0,3,3,2
PR5955,9D01-8A02,2022-04-17,5,5,3,1,2,2,3,3
PR5956,6151-4A92,2022-04-17,4,4,3,1,0,3,5,4
PR5957,6BE1-09FB,2022-04-17,4,5,4,2,1,2,5,5
PR5958,EE7E-F5AC,2022-04-17,4,5,4,1,0,3,3,2
PR596,3B11-DF28,2015-04-06,5,2,3,1,2,2,5,5
PR5960,2D25-CAE8,2022-04-18,3,3,2,1,1,3,4,4
PR5961,1BEA-3835,2022-04-18,5,5,4,2,1,4,3,2
PR5963,C025-B8B6,2022-04-19,3,5,4,1,0,5,4,3
PR5964,5BDE-7102,2022-04-19,3,2,5,1,1,2,5,4
PR5966,F9C6-39E2,2022-04-20,4,3,3,1,2,5,3,2
PR5969,7335-4656,2022-04-21,3,4,5,1,0,5,4,3
PR5970,ACF7-5B99,2022-04-21,4,2,2,2,1,5,3,2
PR5971,E503-C500,2022-04-21,5,3,5,2,1,2,4,4
PR5973,920B-7B40,2022-04-22,4,2,2,3,1,3,4,4
PR5974,D754-4CDF,2022-04-22,5,2,3,1,0,3,3,2
PR5975,619D-D78F,2022-04-22,5,5,4,1,0,3,3,2
PR5978,23FC-93A5,2022-04-23,4,5,5,2,0,3,5,4
PR5979,924E-1035,2022-04-23,4,3,5,1,2,4,3,2
PR5980,A31A-A90C,2022-04-24,3,2,3,2,0,4,5,4
PR5981,0626-7020,2022-04-24,3,5,2,1,2,4,5,5
PR5982,7EF0-2BF4,2022-04-24,4,5,3,3,1,4,4,3
PR5983,68D1-F434,2022-04-24,4,2,4,2,1,2,5,5
PR5984,1EEB-ABF7,2022-04-25,5,2,3,1,1,3,5,5
PR5985,9A9B-630B,2022-04-25,1,2,2,2,1,4,5,4
PR5986,9DB8-F763,2022-04-25,1,1,4,2,2,3,5,4
PR5987,D529-0BC2,2022-04-26,1,3,3,1,3,2,3,3
PR5988,4971-33F9,2022-04-26,4,2,2,3,0,5,4,4
PR5989,7CDB-25C4,2022-04-26,4,5,5,2,1,5,4,4
PR599,95D7-1CE9,2015-04-09,3,4,3,1,0,5,4,4
PR5992,EE63-4E57,2022-04-27,4,4,2,2,1,2,5,5
PR5993,F1BD-033D,2022-04-27,3,4,3,1,0,2,4,4
PR5994,05CD-292D,2022-04-27,5,3,4,1,2,2,4,4
PR5995,4DDB-A84D,2022-04-27,3,4,5,1,0,2,3,2
PR5996,7B96-B655,2022-04-27,4,5,2,1,1,2,4,4
PR5998,5D73-961A,2022-04-28,3,3,2,1,1,3,5,5
PR60,1FE3-22BF,2013-02-26,3,3,2,3,0,2,4,4
PR600,B013-7D0C,2015-04-10,4,4,2,3,2,4,4,4
PR6003,5639-70C0,2022-04-29,4,3,4,3,0,2,3,2
PR6006,354B-3BC6,2022-04-30,4,3,4,2,3,2,4,3
PR6007,7BA2-EBDE,2022-04-30,4,3,3,3,0,3,5,4
PR6009,59DB-8465,2022-05-01,5,5,5,1,2,3,5,4
PR601,531D-788E,2015-04-10,4,2,2,2,2,5,5,4
PR6011,565B-C207,2022-05-02,4,3,5,1,2,5,5,4
PR6012,B90D-4BEF,2022-05-02,3,3,5,2,1,2,4,3
PR6015,ED5D-E9D8,2022-05-03,4,3,4,1,1,4,5,4
PR6016,FB1D-5A51,2022-05-03,3,2,2,1,0,1,3,2
PR602,AEDB-BB62,2015-04-11,3,4,3,2,2,5,4,3
PR6022,D2BE-E6F6,2022-05-05,4,2,3,1,3,2,3,2
PR6024,30CC-9AD8,2022-05-06,4,5,5,1,1,4,5,4
PR6027,5A65-768A,2022-05-07,3,2,2,2,0,2,4,3
PR6029,4C41-7F73,2022-05-08,4,5,4,2,0,4,4,3
PR603,7BD4-7BFB,2015-04-11,4,2,3,1,1,4,4,4
PR6030,F573-D043,2022-05-08,4,3,2,1,0,4,3,3
PR6032,28F4-8367,2022-05-09,3,5,2,1,0,2,3,2
PR6034,DA4C-7F2E,2022-05-10,5,2,5,3,0,5,5,4
PR6035,F9BA-C7C8,2022-05-10,5,4,5,1,0,3,5,4
PR6038,A690-3D5D,2022-05-11,4,3,2,2,1,4,3,2
PR604,152E-8DB1,2015-04-12,3,2,2,1,2,4,3,2
PR6041,BBD0-FB7D,2022-05-12,4,3,2,3,0,4,3,3
PR6043,A184-3B30,2022-05-13,3,4,3,1,1,3,3,2
PR6044,801C-89BF,2022-05-13,3,3,4,3,0,3,5,5
PR6045,C8BC-3B77,2022-05-13,5,2,4,1,0,2,4,3
PR6046,ECC7-B638,2022-05-13,3,4,2,1,0,2,3,3
PR6047,DE6C-86FC,2022-05-14,4,4,3,3,0,2,3,2
PR6048,1C57-5F2A,2022-05-14,3,4,4,1,1,4,3,3
PR6049,E676-215C,2022-05-14,3,3,4,3,1,2,3,2
PR605,1A7C-19DB,2015-04-12,3,5,5,3,1,4,5,5
PR6050,61F3-DE78,2022-05-14,3,4,2,2,2,2,5,5
PR6054,26DF-1241,2022-05-15,3,2,2,1,1,5,4,4
PR6055,2BCE-F73C,2022-05-15,3,5,4,1,0,3,5,4
PR6056,6B5B-8080,2022-05-15,4,5,3,3,2,4,3,3
PR6057,3F25-EF5E,2022-05-15,3,5,5,3,1,5,5,5
PR6058,9D3C-DA45,2022-05-16,5,3,5,1,1,3,3,3
PR6059,FAD6-EAA3,2022-05-16,3,3,3,2,0,2,3,3
PR606,489B-14EC,2015-04-12,3,3,5,3,3,5,3,2
PR6060,2523-EFD4,2022-05-17,3,3,4,3,2,2,5,4
PR6061,3A20-7C3E,2022-05-17,4,5,2,3,0,2,5,4
PR6062,3CFD-6622,2022-05-17,4,4,2,2,0,4,3,2
PR6067,494B-7047,2022-05-18,5,4,2,3,0,2,4,4
PR6068,9461-9439,2022-05-18,5,4,5,2,1,3,4,4
PR6069,C96B-43C7,2022-05-18,5,2,5,3,2,4,4,4
PR607,52CC-3E9E,2015-04-13,5,5,4,2,0,3,4,4
PR6071,72A2-1105,2022-05-19,3,5,3,2,3,3,5,4
PR6072,E9D9-787A,2022-05-19,4,3,4,1,1,4,4,4
PR6074,5988-3855,2022-05-20,2,3,4,3,1,3,4,3
PR6079,81BE-17CD,2022-05-22,3,3,4,1,1,2,3,3
PR608,A531-8159,2015-04-13,5,4,2,2,0,3,5,5
PR6080,1B7F-73A9,2022-05-22,4,4,5,2,0,5,4,4
PR6081,3B90-B998,2022-05-22,4,4,3,1,0,2,3,3
PR6082,DF5F-5ED9,2022-05-22,1,3,4,3,1,2,5,5
PR6083,4FCD-7D65,2022-05-22,3,1,4,1,1,1,3,3
PR6084,6A09-C910,2022-05-22,4,2,3,2,0,2,3,2
PR6085,A1AB-EE7C,2022-05-22,4,3,3,3,1,5,4,4
PR6087,0F83-39C1,2022-05-23,4,3,5,2,1,5,4,4
PR6088,ED49-73D3,2022-05-23,5,5,4,3,1,4,5,4
PR6089,9C24-CD7A,2022-05-24,3,2,2,1,0,4,5,4
PR609,C5C2-985F,2015-04-14,5,2,3,3,3,3,4,4
PR6090,242A-4FA0,2022-05-24,3,3,4,1,0,2,5,5
PR6091,566A-FC64,2022-05-24,4,4,1,1,3,2,5,4
PR6092,BE07-BE80,2022-05-24,1,4,4,1,2,1,3,2
PR6098,4938-402A,2022-05-26,3,4,2,3,0,3,4,3
PR6099,3E3B-681D,2022-05-26,3,4,3,3,1,3,5,4
PR610,CDFB-6A08,2015-04-14,3,5,3,3,1,2,4,3
PR6100,0742-C802,2022-05-27,5,4,5,3,3,2,3,2
PR6103,6965-C170,2022-05-28,3,2,5,3,2,3,5,4
PR6104,7349-CCE0,2022-05-28,4,3,2,2,0,3,4,3
PR6105,8FF0-0F7A,2022-05-29,3,3,3,1,1,4,4,3
PR6106,259B-6C50,2022-05-29,4,3,2,1,3,3,4,4
PR6108,F662-DEA5,2022-05-30,4,5,5,2,1,2,4,4
PR6109,76ED-1CF5,2022-05-30,4,3,3,2,2,5,4,3
PR611,5C03-1009,2015-04-14,4,2,5,1,1,4,5,4
PR6110,2FAE-9278,2022-05-30,5,4,2,3,1,5,4,3
PR6111,FC47-1953,2022-05-30,3,4,4,3,2,3,5,5
PR6112,EFA2-B2D0,2022-05-30,5,4,4,3,0,2,3,2
PR6114,64BA-99F0,2022-05-31,4,4,5,3,0,5,4,3
PR6115,8663-3E02,2022-05-31,4,4,5,3,2,3,3,2
PR6116,F523-1135,2022-05-31,3,4,5,2,0,3,3,2
PR6117,5C87-D7BB,2022-05-31,4,5,4,1,0,3,3,3
PR6118,3A2C-ABB8,2022-06-01,4,4,4,2,0,5,4,3
PR6119,0C7B-2EA6,2022-06-02,5,3,2,3,0,4,4,4
PR612,EE91-1A9C,2015-04-15,5,2,2,1,0,5,5,5
PR6122,BBE1-D4A5,2022-06-04,4,3,4,1,2,3,3,3
PR6124,6CAD-47F0,2022-06-05,1,2,2,3,1,3,3,2
PR6125,CD4D-7BBA,2022-06-05,3,1,4,2,0,2,4,3
PR6126,AFE1-76D3,2022-06-05,3,2,5,3,0,3,5,5
PR6127,F72A-48DD,2022-06-05,3,3,2,1,1,3,4,3
PR6128,A072-D80B,2022-06-05,3,5,3,3,2,5,3,2
PR6129,D3F6-A313,2022-06-06,3,2,3,3,2,4,4,4
PR613,7CFC-C4DA,2015-04-15,3,5,2,3,1,2,4,3
PR6130,2B70-5A31,2022-06-06,4,5,3,3,1,3,4,3
PR6131,E8D3-CABA,2022-06-06,3,4,3,2,3,4,5,5
PR6132,F60C-4888,2022-06-07,3,3,4,1,1,3,4,3
PR6133,0EA5-3A95,2022-06-07,2,2,4,3,1,3,3,2
PR6134,48B9-8A61,2022-06-07,4,1,4,3,1,3,5,5
PR6135,801E-9D0E,2022-06-07,4,4,4,2,1,2,3,3
PR6138,D8F6-DED3,2022-06-08,4,2,3,3,0,4,3,2
PR614,CF2F-8CA3,2015-04-15,4,2,5,2,0,2,5,5
PR6140,19C3-DAE4,2022-06-09,4,3,3,3,1,3,4,4
PR6141,3C73-12A0,2022-06-09,5,2,5,3,2,4,4,4
PR6142,DC67-3B66,2022-06-10,4,3,4,2,0,5,5,4
PR6143,76FD-F574,2022-06-10,3,5,3,3,2,4,5,5
PR6144,E81C-A653,2022-06-11,5,5,3,1,1,5,3,3
PR6148,A91B-7DC5,2022-06-13,1,2,2,3,2,3,3,2
PR6149,B967-D6D3,2022-06-13,2,4,3,3,3,3,4,3
PR615,7A98-768E,2015-04-17,4,4,3,1,2,4,4,3
PR6150,648E-FE5F,2022-06-13,4,5,3,2,3,2,5,5
PR6151,217C-7180,2022-06-13,5,2,5,1,0,5,3,3
PR6152,5416-F925,2022-06-14,5,5,5,2,3,4,5,5
PR6153,07C3-7429,2022-06-14,5,3,3,1,0,3,3,2
PR6154,16B6-9C29,2022-06-14,5,5,2,1,0,4,3,2
PR6155,D4BE-786C,2022-06-14,4,2,5,2,0,2,5,4
PR6157,4F64-A0E2,2022-06-15,1,2,1,3,2,3,3,2
PR6159,549F-B3E7,2022-06-16,5,3,3,2,1,3,4,3
PR616,C3C0-349E,2015-04-17,5,2,2,2,0,3,5,4
PR6160,6FE3-2270,2022-06-16,3,5,5,2,0,4,3,3
PR6161,22FF-9076,2022-06-16,5,3,3,2,0,5,4,3
PR6162,B8A5-07A1,2022-06-16,5,3,5,3,2,5,5,5
PR6163,C6F6-CDFE,2022-06-16,5,4,2,2,0,5,3,3
PR6164,72D8-2284,2022-06-16,4,2,2,1,1,4,5,4
PR6165,005C-E0FB,2022-06-17,3,4,5,3,0,4,4,4
PR6166,90C4-1053,2022-06-17,3,5,4,2,1,3,3,2
PR617,5D69-D350,2015-04-18,3,2,3,3,2,5,3,3
PR6170,F2BA-F63A,2022-06-20,3,2,3,2,0,2,3,3
PR6172,2937-EB65,2022-06-21,4,4,4,2,0,3,4,3
PR6175,5544-4583,2022-06-22,3,4,2,1,0,4,3,2
PR6176,9CE9-B0D5,2022-06-22,3,5,4,1,1,2,4,4
PR6177,23E6-A67A,2022-06-22,5,5,5,2,1,2,5,4
PR6178,5000-8203,2022-06-22,3,5,4,2,1,4,4,4
PR618,4BE1-4A7B,2015-04-18,3,3,4,2,1,5,3,3
PR6180,95CB-4E31,2022-06-23,5,2,3,2,1,5,4,4
PR6181,9BE8-2C44,2022-06-23,3,2,2,1,2,3,4,3
PR6182,AA67-CB22,2022-06-24,5,5,3,1,3,2,4,4
PR6185,8026-658D,2022-06-25,5,5,4,1,2,3,5,4
PR6186,F5CC-33FA,2022-06-25,2,1,2,1,1,2,5,5
PR6187,6FA6-DBB9,2022-06-25,4,2,1,3,1,3,3,3
PR6188,35D2-818A,2022-06-26,2,1,1,1,1,4,5,5
PR6189,24DD-6D7C,2022-06-26,3,2,2,3,1,2,4,3
PR619,FD3F-5255,2015-04-20,3,4,5,1,0,3,5,5
PR6190,A89C-9A1E,2022-06-26,5,5,3,3,1,2,4,3
PR6193,342B-0932,2022-06-27,5,5,5,3,0,4,3,3
PR6194,2B7A-9C73,2022-06-28,5,3,4,3,1,2,5,4
PR6195,E46A-3676,2022-06-28,3,2,2,3,0,1,4,3
PR6196,ABDA-F749,2022-06-28,2,1,1,2,1,1,4,4
PR6197,6A0D-9C4D,2022-06-29,1,2,1,1,3,1,5,4
PR6198,D676-4ECC,2022-06-29,5,3,4,1,0,4,4,4
PR6199,74F3-DF3D,2022-06-29,4,4,5,2,0,2,4,3
PR620,C661-6A1C,2015-04-21,3,2,2,1,1,2,3,2
PR6200,C026-3E38,2022-06-29,5,4,5,2,0,2,5,5
PR6201,AF11-04C3,2022-06-29,4,4,3,3,0,2,3,2
PR6204,FBC2-C5FA,2022-06-30,5,5,4,2,2,2,4,4
PR6205,5E9A-FE30,2022-06-30,4,4,3,2,1,2,3,3
PR6206,E72B-64FA,2022-06-30,4,2,3,2,3,5,3,2
PR6207,E480-FF03,2022-06-30,5,2,2,1,2,3,3,3
PR6208,10C9-925C,2022-06-30,4,4,3,1,2,3,4,4
PR6209,3747-3110,2022-07-01,4,4,3,3,0,5,4,4
PR621,9528-AA17,2015-04-22,5,4,2,2,0,3,4,3
PR6211,0AA2-881A,2022-07-03,3,2,3,2,0,4,4,4
PR6212,A7F8-24EA,2022-07-03,5,2,3,1,2,4,4,4
PR6214,5395-75A1,2022-07-04,5,5,4,3,0,4,3,3
PR6215,5919-4ADE,2022-07-04,4,4,5,2,1,4,3,2
PR6216,68C4-272C,2022-07-04,3,4,5,3,0,2,4,3
PR6217,CF5D-0E32,2022-07-04,5,4,4,3,1,5,4,3
PR6219,C389-FC34,2022-07-05,4,3,3,3,0,5,3,2
PR622,4188-C61D,2015-04-23,3,2,5,3,2,5,5,4
PR6220,ABB0-9B03,2022-07-05,4,4,5,2,2,4,4,3
PR6221,781F-6C21,2022-07-06,5,5,4,3,1,5,5,4
PR6223,AF58-5D1B,2022-07-07,3,2,4,2,0,4,3,2
PR6224,0E79-8257,2022-07-07,5,3,2,1,1,4,4,3
PR6225,03D9-FF08,2022-07-07,3,5,3,3,0,5,4,3
PR6228,380F-A08A,2022-07-08,3,3,4,2,1,5,4,3
PR6229,58FA-C451,2022-07-08,3,2,2,1,0,4,3,2
PR623,DFE3-6FA7,2015-04-23,4,2,4,1,2,3,3,2
PR6230,90EB-28D4,2022-07-08,3,2,3,3,1,3,3,2
PR6233,A2B5-823F,2022-07-09,3,4,5,3,0,3,5,5
PR6234,9BC9-1288,2022-07-09,4,2,3,2,0,2,4,3
PR6235,BDE5-385A,2022-07-09,2,4,1,3,1,3,5,5
PR6236,1D74-2661,2022-07-09,4,2,3,1,2,4,5,5
PR6237,0FEB-B474,2022-07-09,5,5,5,2,0,5,3,2
PR6239,9900-1159,2022-07-10,4,2,4,1,1,5,3,2
PR624,D24B-5AC8,2015-04-23,3,3,3,1,0,5,3,3
PR6240,6AD1-5EE8,2022-07-10,5,2,2,1,0,5,4,3
PR6241,ACA5-348E,2022-07-10,4,5,5,3,0,3,4,4
PR6242,4846-2EC2,2022-07-10,3,5,5,2,1,2,4,4
PR6243,991F-BAF4,2022-07-10,5,3,5,1,1,4,3,2
PR6244,DCD4-C785,2022-07-11,5,4,2,3,1,3,4,3
PR6245,1A38-1D62,2022-07-11,4,5,5,2,1,4,5,5
PR6246,874D-5D4C,2022-07-11,4,3,2,1,1,2,4,3
PR6247,8583-9174,2022-07-12,5,4,4,2,1,2,5,4
PR6248,29F6-C6CA,2022-07-12,3,4,2,3,0,3,5,4
PR6249,4CD7-B91C,2022-07-12,5,3,2,2,2,5,5,5
PR625,49B2-0364,2015-04-24,5,5,4,2,1,2,3,3
PR6250,5293-AC5C,2022-07-13,5,3,3,3,1,3,4,3
PR6251,F961-5A03,2022-07-13,4,4,4,2,0,4,3,2
PR6252,1243-8B63,2022-07-13,5,3,2,1,1,5,4,4
PR6253,E324-1C33,2022-07-14,5,5,3,1,0,5,5,5
PR6254,2A20-28CD,2022-07-14,4,4,4,1,0,2,4,3
PR6256,CCAB-4B80,2022-07-16,3,4,5,2,2,4,3,3
PR6257,DFA2-1B8F,2022-07-16,5,4,3,1,2,2,5,5
PR6258,656C-09EA,2022-07-16,3,5,3,1,2,5,4,4
PR626,51A4-EA6E,2015-04-25,5,3,2,2,0,2,3,2
PR6262,13FA-3559,2022-07-17,4,4,2,3,1,1,4,4
PR6263,D926-DED9,2022-07-17,3,4,1,3,0,4,4,4
PR6266,307F-9BFA,2022-07-18,3,3,4,3,0,2,3,2
PR6267,F8D4-3CAB,2022-07-18,3,4,4,2,0,4,4,4
PR6268,AA87-13D8,2022-07-19,4,3,3,1,2,3,5,4
PR6269,806F-B986,2022-07-19,2,4,2,2,0,4,3,2
PR627,A4A4-F49C,2015-04-25,3,4,4,2,2,3,4,3
PR6270,AE33-DDE7,2022-07-19,5,3,2,3,1,4,4,4
PR6271,D5B3-425C,2022-07-19,3,5,4,3,1,3,3,3
PR6272,5B0B-B105,2022-07-19,3,3,2,3,1,3,3,2
PR6273,AA3A-EC19,2022-07-19,4,5,2,1,1,5,3,3
PR6274,95D8-5DC7,2022-07-20,4,2,4,2,1,3,4,3
PR6275,B5C6-F8D5,2022-07-20,5,4,3,1,0,5,4,4
PR6276,E8EF-FA89,2022-07-20,5,2,2,1,0,5,3,3
PR6277,4316-C080,2022-07-21,5,4,5,1,0,3,3,2
PR6278,437C-4AD0,2022-07-21,3,2,4,3,2,5,3,3
PR6279,6E64-8D30,2022-07-22,5,2,2,3,0,2,5,5
PR628,BAF9-933D,2015-04-25,4,5,4,3,0,3,4,4
PR6280,F20A-F424,2022-07-22,3,5,4,1,1,5,3,3
PR6281,DEB9-1BBF,2022-07-23,5,3,3,1,0,5,3,3
PR6282,B59D-CA4C,2022-07-23,5,4,4,1,1,2,5,5
PR6283,3653-D544,2022-07-23,5,3,3,3,0,3,3,2
PR6284,E73A-F20A,2022-07-23,4,4,5,2,0,4,4,4
PR6287,205B-4D34,2022-07-24,4,3,3,1,1,4,5,5
PR6288,4673-EBEC,2022-07-24,4,3,4,2,3,5,3,3
PR6289,D6BB-FEDF,2022-07-24,5,4,5,1,2,5,3,2
PR629,1147-7E2F,2015-04-26,5,5,2,3,1,2,4,4
PR6290,C77A-2348,2022-07-25,4,5,5,2,0,5,5,5
PR6292,6F50-08B6,2022-07-26,5,3,2,3,3,4,5,5
PR6294,09D2-46BD,2022-07-27,5,5,3,1,1,4,4,3
PR6296,1217-CE30,2022-07-29,3,2,5,3,1,5,5,4
PR6297,9DB1-8C59,2022-07-29,4,5,2,2,1,2,4,4
PR6298,AD8F-7539,2022-07-29,5,5,4,3,0,2,4,3
PR6299,D825-CC31,2022-07-30,3,3,4,3,0,3,3,3
PR630,4E65-CCD0,2015-04-27,3,3,3,1,3,5,4,3
PR6300,1E2C-A267,2022-07-30,5,5,4,1,0,3,3,3
PR6301,7A8C-2DD3,2022-07-31,4,2,2,2,0,5,5,4
PR6302,5802-2A7E,2022-07-31,3,2,5,3,1,2,5,4
PR6303,4C99-E626,2022-07-31,3,4,3,3,1,5,4,4
PR6304,6EEF-5B17,2022-08-02,4,4,3,1,1,4,3,3
PR6305,CE90-763C,2022-08-02,3,3,4,1,0,3,3,2
PR6306,D9AE-B32C,2022-08-02,4,2,4,2,1,4,4,4
PR631,7EEF-9A90,2015-04-27,5,3,3,2,0,5,5,4
PR6310,AF77-0F6B,2022-08-03,5,2,4,2,0,4,5,4
PR6311,7486-A1B6,2022-08-03,3,2,5,2,1,4,5,5
PR6312,95E0-CCA0,2022-08-03,5,2,5,1,0,2,3,3
PR6313,F126-8059,2022-08-04,3,4,2,1,1,3,4,3
PR6314,67D7-9785,2022-08-05,1,3,3,1,3,2,3,3
PR6315,BFE7-5EA8,2022-08-05,3,3,2,2,2,5,4,3
PR6316,8EAF-4F79,2022-08-05,5,3,5,2,1,4,4,4
PR6317,2C0F-AAE2,2022-08-05,5,4,2,2,1,2,3,3
PR6318,4A0E-3728,2022-08-05,3,4,2,1,1,5,3,2
PR6319,84AD-D566,2022-08-06,3,5,4,1,1,5,4,3
PR632,1AC8-361F,2015-04-29,5,2,2,3,0,4,5,5
PR6320,3EDA-3BDE,2022-08-07,3,3,5,3,1,3,3,2
PR6321,5B0E-31FB,2022-08-08,3,4,2,3,2,4,3,2
PR6322,A1DB-6C34,2022-08-08,4,3,3,3,1,2,5,5
PR6323,6925-864E,2022-08-08,3,5,4,1,2,4,5,5
PR6325,8182-6AE6,2022-08-09,4,5,2,2,0,3,3,2
PR6326,2EF6-8D96,2022-08-10,3,2,3,3,2,5,3,3
PR6327,5642-6F1E,2022-08-10,4,5,3,3,0,5,4,3
PR6328,9825-45EF,2022-08-11,5,2,2,3,0,2,3,3
PR6329,69EC-7B13,2022-08-11,4,2,4,3,1,4,3,3
PR633,D93A-CC98,2015-04-29,5,4,2,2,2,2,5,4
PR6330,4294-03D1,2022-08-11,4,4,2,2,3,4,3,2
PR6331,0172-B5D2,2022-08-11,3,2,4,3,3,4,4,3
PR6333,46ED-4007,2022-08-12,5,5,5,3,0,2,4,3
PR6334,9811-F345,2022-08-12,3,2,2,3,0,3,4,4
PR6335,106F-F7C7,2022-08-12,3,3,5,1,0,4,5,5
PR6336,682D-8FD8,2022-08-12,5,3,2,3,1,3,4,3
PR6338,04D7-C8F3,2022-08-13,1,1,3,3,2,4,4,4
PR6339,6B20-FFDF,2022-08-13,4,3,5,3,2,5,5,4
PR634,C79A-E5E1,2015-04-30,3,5,5,2,1,2,3,2
PR6340,9283-E971,2022-08-13,5,4,4,1,1,4,5,4
PR6341,D7C2-EAA5,2022-08-13,3,3,4,2,0,5,5,4
PR6342,FE0F-498F,2022-08-13,5,5,3,1,1,4,4,4
PR6343,D13E-E661,2022-08-14,3,3,2,1,2,3,3,2
PR6345,41DC-E8B5,2022-08-15,4,5,4,3,2,3,5,5
PR6346,CA75-94D1,2022-08-15,3,4,4,3,2,3,3,3
PR6347,6D3B-AD28,2022-08-15,4,2,2,3,2,4,5,5
PR6348,AE51-5502,2022-08-15,4,3,2,1,1,2,5,4
PR6349,6376-F58F,2022-08-15,4,4,3,3,2,3,3,3
PR635,A1B4-5481,2015-05-01,3,3,2,1,2,4,5,4
PR6352,81F1-950F,2022-08-16,5,2,4,3,1,2,4,3
PR6354,DF11-9C46,2022-08-17,4,5,5,2,0,5,5,4
PR6355,CDC1-C7CA,2022-08-17,3,3,5,2,3,3,4,3
PR6356,D75C-3E43,2022-08-17,3,5,5,3,2,5,3,2
PR6357,0A4E-1A4A,2022-08-17,4,4,3,1,2,3,4,4
PR6358,79C5-FE9D,2022-08-18,3,3,2,3,2,2,5,4
PR6359,C7C8-43D9,2022-08-19,4,2,5,3,0,5,5,5
PR636,D49C-096C,2015-05-01,5,5,4,3,1,5,3,3
PR6362,60B5-48ED,2022-08-20,3,4,3,2,2,5,4,3
PR6363,C579-11D1,2022-08-20,5,5,4,3,1,4,5,4
PR6364,267F-F71D,2022-08-21,5,2,3,3,0,3,4,4
PR6365,16FB-8835,2022-08-22,3,5,2,3,1,4,3,3
PR6366,0AE7-DDE2,2022-08-22,3,4,4,3,0,5,3,2
PR6367,3EAA-95E5,2022-08-22,3,3,4,2,1,3,5,5
PR6368,17AE-E715,2022-08-23,5,5,2,2,1,4,4,4
PR6369,1D87-3372,2022-08-23,3,4,5,1,2,3,3,2
PR637,2F04-931F,2015-05-01,5,4,4,1,1,3,3,2
PR6370,666A-B076,2022-08-23,3,4,5,2,0,5,5,4
PR6372,42F5-707F,2022-08-24,1,3,2,2,1,4,3,2
PR6373,C95B-FE97,2022-08-24,1,4,4,2,1,4,3,3
PR6374,65A0-5D04,2022-08-25,1,4,2,1,0,2,5,4
PR6375,473C-EA4E,2022-08-25,4,5,2,2,1,4,4,3
PR6377,AEEC-804D,2022-08-27,4,4,2,1,0,4,3,3
PR6378,993B-186B,2022-08-28,4,3,5,3,0,5,4,4
PR6379,15B3-F392,2022-08-29,1,1,2,3,3,4,3,3
PR638,380E-44B4,2015-05-01,3,4,2,2,0,3,4,3
PR6380,DE7D-7757,2022-08-29,4,2,2,3,0,3,4,4
PR6381,E616-CAD8,2022-08-30,4,5,4,1,1,5,3,3
PR6382,C27A-1115,2022-08-30,5,4,2,3,0,4,4,4
PR6383,E267-D788,2022-08-30,4,3,3,3,1,5,4,4
PR6384,134B-4157,2022-08-31,3,3,4,3,1,2,4,4
PR6386,C730-6B13,2022-09-01,5,5,2,3,2,4,4,3
PR6387,11C2-2B5B,2022-09-01,5,3,5,3,0,2,5,4
PR6388,D6A7-EF72,2022-09-02,5,2,5,1,2,5,4,4
PR6389,2ED2-2CEC,2022-09-02,3,4,5,3,2,2,3,3
PR639,327B-F6D3,2015-05-02,3,5,4,2,2,3,5,4
PR6390,2546-1312,2022-09-02,4,5,3,2,1,2,4,4
PR6391,6E61-A2BA,2022-09-02,3,2,2,1,0,3,4,3
PR6392,9075-A294,2022-09-02,4,3,2,1,0,5,3,3
PR6394,F5C3-07B0,2022-09-03,3,3,4,3,0,3,4,4
PR6395,7845-EF8F,2022-09-03,4,2,4,3,1,4,4,3
PR6396,71CC-7412,2022-09-04,3,3,3,2,0,4,3,3
PR6397,4236-4F51,2022-09-04,3,4,4,1,3,5,4,3
PR6398,B09D-DFEC,2022-09-05,5,2,5,3,0,4,5,4
PR6399,0F2B-3457,2022-09-05,3,3,4,2,0,2,5,5
PR640,B148-55FB,2015-05-02,5,4,5,3,3,3,5,4
PR6400,781E-4257,2022-09-05,3,2,5,1,1,4,5,4
PR6402,07F1-62C3,2022-09-07,3,4,4,2,0,2,5,5
PR6403,0DC1-7EE4,2022-09-07,4,5,5,2,0,3,3,2
PR6404,A409-26AC,2022-09-07,4,5,4,3,0,3,4,4
PR6405,9F02-0D39,2022-09-08,4,4,5,3,1,5,5,4
PR6406,0AF4-EC15,2022-09-08,3,3,3,2,1,4,5,5
PR6407,1D35-190A,2022-09-10,3,2,3,2,0,3,3,2
PR6408,B268-1642,2022-09-10,5,3,2,2,0,4,4,4
PR641,EB4F-4D97,2015-05-02,3,5,3,3,1,2,5,4
PR6410,8F78-4A32,2022-09-11,3,5,5,3,0,5,3,3
PR6411,BB09-BF7F,2022-09-11,5,4,4,1,1,5,5,5
PR6412,503B-AACE,2022-09-11,5,3,3,2,3,4,4,3
PR6413,2926-D386,2022-09-11,2,3,4,3,1,1,5,5
PR6414,55A7-8D82,2022-09-11,1,3,2,3,0,1,4,3
PR6415,5A78-0F17,2022-09-12,5,5,5,2,1,4,5,5
PR6417,411F-6325,2022-09-13,4,3,1,3,1,4,3,2
PR6418,1E61-B76A,2022-09-14,2,2,3,2,1,2,3,3
PR6419,8369-ED26,2022-09-14,2,4,4,2,0,2,4,3
PR642,1472-9F69,2015-05-03,4,4,3,3,2,2,4,3
PR6420,D29C-A21F,2022-09-14,1,1,1,2,0,2,5,4
PR6422,A71E-A9DC,2022-09-15,3,4,1,2,1,1,4,4
PR6423,6543-091E,2022-09-15,3,5,5,3,0,4,3,3
PR6424,3E50-011E,2022-09-17,5,4,4,2,3,4,5,5
PR6425,5741-0022,2022-09-18,3,2,4,2,3,4,3,2
PR6426,CECC-60FF,2022-09-18,5,4,3,1,1,3,3,3
PR6427,CD7F-377F,2022-09-19,4,2,2,2,1,2,3,2
PR6429,80BE-E2B5,2022-09-20,2,2,4,3,2,4,5,5
PR643,D31B-BEF8,2015-05-04,3,5,5,1,1,3,4,4
PR6431,E430-E462,2022-09-22,5,2,3,3,2,5,4,3
PR6432,EA37-AE5E,2022-09-22,3,3,4,1,0,5,5,5
PR6433,1E4A-5810,2022-09-22,4,4,2,2,0,5,4,3
PR6434,1DC4-97CF,2022-09-23,3,5,4,2,1,5,5,4
PR6435,994A-5F84,2022-09-23,5,3,3,3,3,3,4,3
PR6436,B670-21B2,2022-09-23,3,4,2,2,0,4,5,5
PR6437,DF7E-3233,2022-09-24,3,4,4,2,0,3,3,3
PR6438,DBF5-E57D,2022-09-24,3,5,3,1,1,2,3,2
PR644,13E5-2F17,2015-05-05,4,5,4,3,1,5,5,4
PR6441,C1B4-46B2,2022-09-25,2,4,4,1,1,4,3,3
PR6442,60A3-AFA2,2022-09-25,3,1,2,2,1,3,3,2
PR6444,07F6-D61B,2022-09-26,3,4,5,1,1,3,3,2
PR6445,0FBB-4ABE,2022-09-26,5,4,4,1,3,5,4,3
PR6446,18CE-8F30,2022-09-26,5,4,3,1,0,4,5,5
PR6447,A067-9F4F,2022-09-26,3,2,4,3,1,2,4,3
PR645,ADF8-AD57,2015-05-05,3,5,4,3,2,3,5,4
PR6450,F890-975A,2022-09-27,4,2,3,3,2,3,3,2
PR6451,D962-9E69,2022-09-27,5,3,4,2,1,4,4,3
PR6452,B990-35DA,2022-09-28,3,5,4,3,0,2,5,4
PR6453,E62F-4FF7,2022-09-28,5,3,4,1,2,3,4,3
PR6454,04E6-6B61,2022-09-28,5,2,2,3,1,3,3,2
PR6455,5C7B-86C0,2022-09-29,4,4,3,1,1,5,5,4
PR6456,0317-B7BC,2022-09-29,3,5,4,1,1,2,3,2
PR646,FE2B-3DC7,2015-05-06,3,5,2,3,0,2,5,5
PR6460,2C7D-F9F1,2022-09-30,2,2,1,2,1,4,4,4
PR6461,B102-5713,2022-09-30,5,5,2,3,1,2,3,3
PR6462,50FB-5702,2022-09-30,5,5,2,2,1,4,3,3
PR6463,EC4D-D0F3,2022-09-30,2,2,2,2,1,1,5,4
PR6464,BAE6-B5DE,2022-10-01,1,4,3,1,1,2,5,5
PR6465,825E-0B3A,2022-10-03,2,2,2,2,1,2,5,5
PR6466,6C86-3DC0,2022-10-03,2,3,3,3,1,1,3,2
PR6467,D4D7-3C3F,2022-10-03,4,3,2,1,0,4,4,3
PR6468,3DB7-2942,2022-10-03,3,5,5,3,1,4,4,3
PR6469,0C37-B7CF,2022-10-04,3,4,2,1,2,2,3,2
PR647,F3D0-41D1,2015-05-06,4,3,5,3,1,5,4,3
PR6470,4D07-1452,2022-10-05,2,2,4,2,0,4,5,5
PR6471,7D95-B5B1,2022-10-06,3,3,5,1,1,3,3,3
PR6475,8365-EB74,2022-10-08,5,4,4,1,0,5,3,3
PR6476,F401-1B75,2022-10-08,5,2,4,2,0,3,3,2
PR6477,45BA-6683,2022-10-08,1,2,3,3,0,4,4,3
PR6478,E55D-FCA0,2022-10-08,2,4,2,1,1,4,3,2
PR6479,7589-66E3,2022-10-09,5,5,4,1,0,3,4,4
PR648,11AE-3E4D,2015-05-06,3,5,5,3,0,3,4,4
PR6480,017D-0B97,2022-10-09,3,4,3,2,0,4,3,2
PR6481,90EB-69E4,2022-10-11,5,2,4,3,0,2,3,3
PR6482,FA48-B743,2022-10-12,5,3,3,3,2,3,3,3
PR6483,F532-0DAF,2022-10-12,5,2,3,2,2,5,3,3
PR6484,278C-D482,2022-10-13,4,2,5,2,0,5,4,4
PR6485,63D2-F412,2022-10-13,3,3,3,2,0,2,5,5
PR6486,1158-9E23,2022-10-13,4,3,2,1,1,4,4,4
PR6487,15D4-53C2,2022-10-14,3,1,2,1,2,4,3,2
PR6488,2250-86C5,2022-10-14,1,1,1,2,0,3,3,3
PR6489,5C48-9106,2022-10-14,4,3,5,3,1,5,5,5
PR649,2CA8-4E1B,2015-05-07,4,4,2,3,1,5,5,5
PR6490,8DA7-0090,2022-10-14,5,2,3,1,1,5,4,4
PR6491,30CB-BCD0,2022-10-15,4,2,5,3,0,2,4,3
PR6494,FEEC-A663,2022-10-16,5,4,2,2,2,3,3,3
PR6495,05DA-5423,2022-10-16,4,5,5,1,1,5,4,3
PR6496,75CF-67E0,2022-10-16,5,4,5,1,0,4,3,2
PR6497,6C7E-91CB,2022-10-16,5,3,5,3,3,5,3,3
PR6499,BBB4-89C7,2022-10-17,3,4,4,3,3,3,4,3
PR650,08E4-D3D5,2015-05-07,4,4,3,3,2,2,4,3
PR6500,465A-91D1,2022-10-18,5,4,4,1,0,5,4,4
PR6501,6F3E-2A75,2022-10-19,2,4,3,2,0,4,4,3
PR6502,CD0F-DE05,2022-10-19,2,3,2,1,0,4,4,3
PR6503,0B72-0EE6,2022-10-19,3,2,3,2,1,2,3,3
PR6504,1C6F-87AA,2022-10-19,4,4,3,1,0,4,4,3
PR6505,C292-EC0C,2022-10-19,4,2,3,3,0,3,5,4
PR6506,626D-4669,2022-10-19,1,3,4,1,2,1,3,2
PR6507,851C-E7E2,2022-10-20,4,5,4,3,2,2,3,3
PR6508,FC24-43F6,2022-10-20,4,2,2,3,1,3,5,5
PR651,9BD6-2C43,2015-05-07,5,3,3,1,3,5,5,5
PR6510,31FB-D496,2022-10-21,5,4,5,2,1,4,5,4
PR6511,4467-6B8F,2022-10-21,3,4,1,2,1,4,3,3
PR6512,AACC-8B93,2022-10-22,2,1,2,3,0,2,4,4
PR6513,A76C-AEB3,2022-10-23,4,5,3,1,2,2,3,3
PR6514,DAE0-B44F,2022-10-23,4,4,4,1,0,4,5,4
PR6515,2E9A-BD2E,2022-10-24,4,2,1,3,3,3,3,2
PR6516,CEE0-94C3,2022-10-24,2,1,1,3,3,1,4,3
PR6517,EFB8-ED99,2022-10-24,4,5,2,1,1,5,3,2
PR652,E8B6-8BAE,2015-05-08,5,5,4,3,0,4,3,3
PR6520,7F91-C628,2022-10-25,5,5,5,1,0,2,4,4
PR6521,B341-8D6A,2022-10-25,3,4,5,1,0,3,3,3
PR6522,D18F-8C48,2022-10-26,3,5,4,3,1,2,4,3
PR6524,425F-4D2D,2022-10-27,4,3,3,2,2,3,3,2
PR6525,FADC-21F2,2022-10-27,5,3,5,1,3,4,4,4
PR6527,8F7F-015D,2022-10-28,5,3,4,2,1,5,5,4
PR6528,65C9-0885,2022-10-28,5,5,3,2,1,5,4,4
PR653,291F-B604,2015-05-09,5,2,4,3,2,3,3,3
PR6530,47C9-BD11,2022-10-29,4,2,5,1,1,4,5,4
PR6532,0868-097F,2022-10-30,2,1,4,3,2,3,4,3
PR6533,7B9D-8612,2022-10-30,4,2,5,2,1,2,5,4
PR6534,D457-AB87,2022-10-30,5,4,5,2,0,4,3,2
PR6535,B1BC-0011,2022-10-30,4,4,5,1,0,4,5,5
PR6536,C1C6-F683,2022-10-31,3,3,5,2,0,5,5,5
PR6537,D712-9E1C,2022-10-31,3,3,2,1,0,3,3,2
PR6539,0240-4D29,2022-11-01,4,4,2,3,1,3,5,4
PR654,692B-7152,2015-05-09,5,5,5,2,0,3,4,4
PR6541,D245-5D80,2022-11-02,2,2,4,1,2,4,4,4
PR6542,DD78-E811,2022-11-03,5,4,2,2,0,3,5,5
PR6543,3A96-07A5,2022-11-03,3,5,4,2,1,3,3,2
PR6545,2407-5A4E,2022-11-04,4,2,4,2,0,2,3,3
PR6546,9624-0464,2022-11-04,4,4,5,1,1,3,4,3
PR6547,C2BF-D441,2022-11-04,1,2,4,2,1,2,4,3
PR6548,1363-6BF9,2022-11-05,5,5,2,3,1,2,3,3
PR6549,1C24-233B,2022-11-05,5,5,4,2,0,4,3,3
PR655,4657-FE18,2015-05-10,5,4,2,1,1,3,4,3
PR6550,CC7A-EE97,2022-11-05,4,5,2,2,0,5,3,2
PR6551,41A7-9C19,2022-11-05,3,2,5,3,0,5,3,3
PR6553,4C62-5BE8,2022-11-06,4,2,3,3,2,2,5,4
PR6554,B679-F7C9,2022-11-06,3,2,5,2,1,4,4,3
PR6556,3642-EEAE,2022-11-07,4,5,4,2,1,2,3,2
PR6557,AD1C-2AC5,2022-11-07,2,4,3,2,0,4,4,3
PR6558,E6C8-D659,2022-11-07,5,2,2,1,0,2,5,4
PR656,8EBD-B3E8,2015-05-10,4,3,2,2,0,4,4,4
PR6560,AB4A-E71A,2022-11-08,1,2,3,3,1,3,4,3
PR6561,D871-1F74,2022-11-08,3,4,3,3,0,1,5,5
PR6562,8291-DE04,2022-11-08,3,5,5,3,0,3,3,3
PR6563,97F7-5710,2022-11-08,3,5,4,2,1,2,4,4
PR6565,8640-414A,2022-11-09,3,1,4,3,1,2,5,5
PR6568,2A04-49D1,2022-11-10,4,4,5,3,1,3,5,5
PR6569,F9E1-87E9,2022-11-11,4,5,5,1,1,4,3,2
PR657,E28D-424B,2015-05-11,3,2,2,3,2,2,4,3
PR6570,EA3A-E005,2022-11-11,4,4,3,1,0,1,5,5
PR6571,A696-1216,2022-11-12,5,2,5,2,2,3,5,4
PR6572,2A9F-6BD2,2022-11-12,4,2,4,2,1,2,4,4
PR6574,C4F0-F933,2022-11-13,5,5,4,3,1,3,4,3
PR6575,4565-62DE,2022-11-14,3,2,3,1,2,3,3,2
PR6576,1D32-9620,2022-11-14,3,1,4,3,0,3,3,3
PR6577,FB6A-3F11,2022-11-14,2,3,2,1,2,3,5,4
PR6578,0E85-1FC5,2022-11-14,5,5,2,2,1,4,5,4
PR6579,9758-DE2F,2022-11-14,3,5,4,1,3,5,4,4
PR658,A848-F98B,2015-05-12,5,4,4,3,3,5,5,5
PR6580,D061-5CAD,2022-11-15,3,3,2,3,1,3,3,2
PR6582,B063-A2B5,2022-11-16,1,3,1,2,1,3,4,4
PR6583,5EE9-CFCF,2022-11-16,4,2,3,2,3,3,3,3
PR6585,4DA0-81D7,2022-11-17,3,5,2,2,1,4,3,3
PR6586,7DD6-128C,2022-11-17,2,2,3,1,0,2,4,4
PR6587,BD33-DB2F,2022-11-17,4,2,1,3,2,3,3,3
PR6588,8292-6635,2022-11-18,5,4,5,2,0,3,4,3
PR6589,8328-A764,2022-11-18,3,5,3,3,0,4,5,4
PR659,1C87-44CB,2015-05-13,5,4,2,3,0,3,3,2
PR6590,A4E5-CE62,2022-11-18,3,3,4,3,1,5,5,4
PR6592,8078-6154,2022-11-19,3,4,2,3,1,3,3,2
PR6593,CC88-AE14,2022-11-19,4,2,4,3,1,5,3,2
PR6594,9756-3EAB,2022-11-19,4,3,4,3,0,4,4,4
PR6596,9360-3A68,2022-11-20,3,3,3,3,1,4,5,5
PR6597,3D9E-FB05,2022-11-20,4,4,3,3,0,3,4,4
PR6599,757F-78FE,2022-11-21,3,2,2,3,0,4,3,2
PR660,41FE-D257,2015-05-13,5,3,2,1,1,2,5,4
PR6600,A862-3880,2022-11-21,2,3,1,2,1,1,4,3
PR6601,36A3-F0A5,2022-11-21,4,5,5,3,0,5,4,3
PR6602,CC1D-5D73,2022-11-21,3,4,4,1,2,1,3,3
PR6604,C22D-CE5F,2022-11-23,3,3,2,2,3,2,5,5
PR6605,E523-D168,2022-11-23,4,3,3,3,1,4,5,4
PR6606,138C-2AEA,2022-11-23,5,4,3,2,0,5,3,2
PR6607,218E-AB6F,2022-11-23,5,5,5,3,3,4,4,3
PR661,42CC-040A,2015-05-14,5,2,5,2,1,3,3,2
PR6610,F838-C681,2022-11-24,4,3,2,2,1,4,3,2
PR6611,6413-42F1,2022-11-24,4,2,5,2,1,2,5,5
PR6613,DE9A-5E67,2022-11-25,4,2,4,3,2,4,3,2
PR6616,2BEA-43B2,2022-11-27,5,3,5,1,0,2,4,4
PR6617,6A67-EC2C,2022-11-27,4,3,3,3,1,4,4,4
PR6618,5B38-57D2,2022-11-27,5,3,5,1,1,5,5,4
PR6619,C54B-DBC5,2022-11-28,5,3,5,3,0,3,4,3
PR662,C9FF-3A25,2015-05-14,4,2,5,2,2,5,3,2
PR6620,B312-7192,2022-11-28,3,3,4,2,1,4,5,4
PR6621,296A-A685,2022-11-29,4,1,3,2,0,4,4,4
PR6624,D676-2084,2022-11-30,3,4,2,1,0,5,4,3
PR6625,4886-62DF,2022-12-01,3,2,3,3,1,3,3,3
PR6626,6987-6124,2022-12-01,4,3,2,3,1,5,5,5
PR6629,ACB2-6640,2022-12-02,1,2,4,3,1,2,5,5
PR663,BE93-0736,2015-05-14,5,5,2,2,1,5,4,3
PR6633,D39D-4015,2022-12-04,4,2,4,3,0,3,3,3
PR6634,4A39-E8E6,2022-12-04,1,1,3,2,1,2,4,3
PR6636,1B4A-5D80,2022-12-06,4,5,4,3,2,2,3,3
PR6639,DBF0-2EA3,2022-12-07,1,1,2,3,0,2,5,5
PR664,1F0F-458C,2015-05-15,5,5,3,2,1,2,4,3
PR6642,9112-D01B,2022-12-08,5,2,2,3,1,5,5,4
PR6643,8A18-9075,2022-12-09,2,4,2,1,0,4,4,3
PR6644,CF8D-7379,2022-12-10,3,5,5,2,1,3,4,4
PR6645,8892-77D8,2022-12-10,4,4,2,3,0,2,3,3
PR6646,C62F-44EF,2022-12-10,5,2,4,1,2,4,4,3
PR6647,08AC-30AB,2022-12-10,5,3,3,1,0,5,3,2
PR6648,533B-938D,2022-12-11,3,3,4,2,0,1,5,4
PR6649,BEE2-8052,2022-12-11,5,3,4,2,2,5,4,3
PR665,FFCF-0BD5,2015-05-16,5,3,3,1,1,2,3,3
PR6652,7F5B-92AD,2022-12-12,3,4,1,2,3,3,4,4
PR6653,D1C6-25BE,2022-12-12,3,2,4,1,0,2,4,4
PR6654,9862-8904,2022-12-13,4,1,2,3,0,4,4,4
PR6655,C768-BBF8,2022-12-13,2,1,2,2,0,4,5,5
PR6656,08FC-817E,2022-12-14,3,4,2,3,0,3,3,2
PR6658,9CC0-FF43,2022-12-15,4,1,1,3,3,3,5,5
PR6659,3A36-DA50,2022-12-15,5,4,3,1,1,2,3,2
PR666,0A05-3943,2015-05-17,3,5,5,3,2,4,3,3
PR6660,CAD7-01BE,2022-12-15,5,3,3,1,3,2,3,3
PR6662,9E8E-F2FF,2022-12-16,2,1,1,3,2,1,4,4
PR6664,8E5B-CBBF,2022-12-17,4,3,2,2,0,2,4,4
PR6665,C0B9-E4C1,2022-12-17,1,4,3,3,1,4,3,2
PR6667,DCFE-F601,2022-12-18,5,4,4,1,1,5,5,4
PR6668,776A-CDBC,2022-12-18,3,1,4,1,1,3,3,2
PR6669,D471-4BFF,2022-12-18,1,4,3,3,1,4,5,5
PR667,9F65-F612,2015-05-17,3,4,3,1,0,2,3,3
PR6672,13E5-8466,2022-12-19,2,3,4,1,1,2,4,4
PR6673,10CE-8403,2022-12-20,4,4,5,2,3,2,4,4
PR6676,0697-ADC3,2022-12-21,4,5,2,1,0,4,5,5
PR6677,A896-CDE2,2022-12-21,4,4,4,3,1,4,3,3
PR6678,5E53-1897,2022-12-22,5,3,2,2,0,3,4,3
PR6679,0B49-32CD,2022-12-22,3,4,4,1,0,3,3,3
PR668,64D6-0D5F,2015-05-17,5,2,2,3,0,3,4,3
PR6680,AE9F-5268,2022-12-22,3,5,2,3,1,5,5,5
PR6682,637B-DBAD,2022-12-23,4,4,5,3,0,5,3,3
PR6683,D836-B375,2022-12-23,5,4,4,3,0,2,5,5
PR6684,63E9-F74A,2022-12-23,5,4,4,3,1,4,3,3
PR6685,B492-D447,2022-12-23,5,4,4,2,0,2,5,5
PR6686,1BAE-4DA1,2022-12-23,4,4,2,3,2,3,3,3
PR6687,61CC-2C1D,2022-12-23,3,5,2,1,3,3,4,3
PR6688,7054-B62C,2022-12-23,2,3,1,3,1,2,3,2
PR669,4D59-B831,2015-05-20,3,4,4,1,1,2,5,5
PR6691,1FAC-768D,2022-12-24,4,1,2,2,1,3,3,3
PR6693,7696-E50D,2022-12-25,2,4,3,1,1,2,5,5
PR6694,DCA7-D382,2022-12-26,3,5,4,3,1,3,4,4
PR6695,FADE-8191,2022-12-26,5,2,2,2,2,5,5,4
PR6696,1609-65E1,2022-12-27,5,2,3,2,2,3,4,3
PR6697,4D7E-BDA4,2022-12-27,3,2,4,3,0,5,3,3
PR6698,2857-A950,2022-12-27,4,4,3,2,0,4,5,5
PR6699,CA1B-0302,2022-12-27,3,3,2,2,0,3,5,5
PR670,5060-A677,2015-05-20,5,4,4,2,0,4,4,3
PR6700,03EF-5904,2022-12-28,4,5,5,3,2,2,4,4
PR6701,B3A4-91F0,2022-12-28,4,3,2,3,2,2,5,4
PR6704,211E-BC82,2022-12-29,3,3,3,2,3,1,4,3
PR6705,E47D-E3C5,2022-12-29,4,4,4,3,2,3,5,4
PR6706,097B-A688,2022-12-29,4,3,4,2,0,1,5,5
PR6707,1A2D-52EC,2022-12-29,2,3,1,2,1,1,4,4
PR6708,6CC9-81FC,2022-12-29,3,2,5,3,0,2,4,3
PR6709,AAD7-8DDC,2022-12-31,4,5,2,1,2,2,4,4
PR671,A2D0-E2D2,2015-05-20,5,2,2,3,1,4,3,3
PR672,BE54-8537,2015-05-20,5,4,4,2,1,3,5,4
PR673,9169-FC4B,2015-05-21,4,4,2,3,2,4,3,2
PR674,00B0-F199,2015-05-22,5,2,3,2,0,3,5,4
PR675,1705-0DE5,2015-05-23,4,2,4,1,2,4,3,2
PR676,8766-F1E7,2015-05-24,4,3,2,3,2,3,3,2
PR677,45F9-3A37,2015-05-24,5,3,4,2,2,5,3,3
PR678,BD1B-53A3,2015-05-24,5,4,3,2,1,4,5,4
PR679,06DE-E772,2015-05-25,3,4,5,1,1,2,3,2
PR680,D91C-815B,2015-05-27,4,3,4,2,0,5,5,4
PR681,29C2-1A3F,2015-05-27,3,2,5,3,0,2,3,3
PR682,462E-03DF,2015-05-27,4,5,5,1,2,4,4,4
PR683,2F98-E645,2015-05-28,5,4,4,1,1,5,4,3
PR684,F469-0427,2015-05-28,4,4,2,3,1,4,3,2
PR685,CACA-0D62,2015-05-29,4,5,5,3,1,5,4,4
PR686,C08F-94F9,2015-05-30,5,5,3,2,3,2,4,3
PR687,DEBE-1622,2015-05-30,4,2,2,2,1,2,4,4
PR688,9C27-3F5C,2015-05-30,3,5,2,2,2,5,5,5
PR689,6313-8E62,2015-06-01,5,4,3,2,0,4,3,3
PR690,B3AF-7E58,2015-06-02,4,3,4,3,1,5,3,3
PR691,06E8-4FD4,2015-06-05,4,3,5,3,0,2,5,5
PR692,9D7B-9B37,2015-06-06,4,5,5,1,2,4,4,3
PR693,DDBF-9C79,2015-06-07,5,4,5,2,1,2,4,4
PR694,B785-D8F8,2015-06-10,5,5,4,2,1,4,4,4
PR695,D584-4E31,2015-06-10,4,5,4,2,3,5,5,5
PR696,8A40-C85A,2015-06-11,3,3,5,1,0,2,5,5
PR697,3F0C-41A7,2015-06-13,3,3,2,1,0,2,5,5
PR698,DFDC-286C,2015-06-14,3,2,5,3,0,5,5,5
PR699,3E42-57C8,2015-06-15,3,2,3,2,1,2,5,5
PR700,E9B9-3944,2015-06-15,5,2,5,1,2,4,4,4
PR701,AB5F-244C,2015-06-17,4,4,2,1,0,5,3,2
PR702,1E61-70EC,2015-06-18,4,4,3,3,0,2,3,2
PR703,00A3-2445,2015-06-20,3,3,4,3,1,2,3,3
PR704,F4D2-F6F2,2015-06-20,4,3,5,1,1,2,4,3
PR705,BDC5-51CF,2015-06-22,4,4,3,3,1,5,5,4
PR706,5468-EEE1,2015-06-22,3,3,2,1,1,4,3,3
PR707,2E72-4BF1,2015-06-23,3,2,2,1,1,4,3,2
PR708,3EB2-9111,2015-06-24,4,5,3,2,1,3,4,3
PR709,8822-B9C5,2015-06-24,4,3,4,3,3,5,3,3
PR710,9AAD-D3C1,2015-06-25,4,2,3,1,1,4,3,3
PR711,4CCA-B1E6,2015-06-27,3,4,2,3,1,2,4,3
PR712,E8F5-C47D,2015-06-27,3,3,5,3,1,5,5,5
PR713,450D-13A9,2015-06-27,5,5,2,1,2,5,5,5
PR714,C0C7-A3EF,2015-06-29,4,3,3,1,1,2,4,3
PR715,C385-CDBE,2015-06-29,5,4,4,3,0,3,5,5
PR716,4C88-27A1,2015-07-02,4,5,2,3,1,3,4,3
PR717,5731-90E6,2015-07-02,5,3,5,3,0,5,4,4
PR718,9723-FED9,2015-07-02,5,5,4,1,3,4,3,2
PR719,F9B6-C80B,2015-07-04,3,2,3,2,1,3,3,2
PR720,2F85-AF81,2015-07-06,4,2,3,3,2,2,5,5
PR721,427A-8C69,2015-07-07,3,4,3,3,1,2,5,5
PR722,8B79-18F1,2015-07-09,5,3,5,2,1,3,4,4
PR723,0FC8-561B,2015-07-10,3,3,2,3,0,4,5,5
PR724,7B98-EA6F,2015-07-10,3,3,5,1,2,5,3,2
PR725,9A87-71F6,2015-07-10,4,5,4,3,0,3,3,2
PR726,E268-61EB,2015-07-11,4,2,3,3,0,4,3,3
PR727,132B-F2B2,2015-07-11,4,4,5,2,2,2,3,2
PR728,6345-2F33,2015-07-12,3,3,2,1,2,4,5,4
PR729,246E-3383,2015-07-16,5,3,3,2,3,4,3,3
PR730,D906-B674,2015-07-18,3,5,2,3,2,3,4,4
PR731,D8FC-E2F7,2015-07-19,5,5,5,1,0,2,3,3
PR732,F0C3-4859,2015-07-19,3,3,5,3,1,2,5,5
PR733,F4A3-2126,2015-07-19,5,4,4,3,0,3,3,2
PR734,F83C-CA1D,2015-07-20,3,2,3,3,0,4,5,4
PR735,C0BE-FED0,2015-07-20,5,4,4,3,1,4,4,3
PR736,9DB2-76B3,2015-07-26,3,4,2,3,0,3,5,4
PR737,D565-284D,2015-07-26,3,4,5,1,1,5,5,4
PR738,7AA0-5766,2015-07-28,3,5,2,2,2,4,3,3
PR739,F3A3-10CE,2015-07-29,5,4,5,3,0,2,4,3
PR740,D69C-8F84,2015-07-29,3,5,4,3,2,3,5,5
PR741,CBCB-9C9D,2015-07-31,4,3,4,3,2,4,5,5
PR742,27CD-A6BF,2015-08-01,5,4,3,2,1,2,4,3
PR743,66BC-7AC0,2015-08-05,3,4,4,2,0,2,5,5
PR744,55D6-1423,2015-08-05,3,3,4,3,2,3,3,3
PR745,ED73-F078,2015-08-05,5,5,3,2,0,5,4,4
PR746,5839-7AE2,2015-08-08,5,5,3,1,1,3,3,3
PR747,2B08-7D3D,2015-08-11,3,4,5,2,1,2,4,4
PR748,040C-EDED,2015-08-14,5,3,4,1,1,3,4,4
PR749,AFA8-5058,2015-08-15,5,2,3,2,3,2,3,3
PR750,6112-8476,2015-08-16,3,3,2,3,0,4,3,2
PR751,2A89-93B6,2015-08-17,5,4,4,2,0,2,3,3
PR752,37EE-004B,2015-08-18,4,2,3,3,0,5,5,4
PR753,52DD-757F,2015-08-18,4,3,5,3,1,3,4,3
PR754,B76C-D9CE,2015-08-19,3,5,2,2,3,5,3,3
PR755,F877-3BF9,2015-08-22,3,3,4,1,0,4,5,4
PR756,2962-039F,2015-08-22,4,2,5,1,2,4,5,5
PR757,D186-CBF5,2015-08-26,4,4,5,1,1,4,3,3
PR758,5605-237E,2015-08-26,3,3,3,2,2,2,4,4
PR759,4FD5-CC71,2015-08-28,4,3,4,1,0,3,4,3
PR760,2DD1-FD7F,2015-09-03,5,5,2,3,2,4,4,4
PR761,39A2-9B0A,2015-09-05,3,3,4,3,3,5,4,4
PR762,D014-7DB2,2015-09-09,3,2,3,3,2,5,4,4
PR763,4404-DE5A,2015-09-13,4,3,2,1,3,4,5,5
PR764,6135-885F,2015-09-15,5,2,4,3,3,5,4,4
PR765,3F19-FC5A,2015-09-17,3,2,5,3,0,3,5,5
PR766,3476-CA56,2015-09-22,3,5,5,2,0,2,5,5
PR767,07F5-A45D,2015-09-23,4,2,3,3,1,2,4,4
PR768,E7D3-03C9,2015-09-25,4,3,3,3,0,3,4,4
PR769,7F61-2397,2015-09-27,3,2,5,1,2,5,5,5
PR770,EB81-3E51,2015-09-27,3,5,5,2,0,3,5,5
PR771,469A-8121,2015-09-28,3,2,2,3,0,2,5,5
PR772,1CB3-F7D7,2015-09-29,4,3,3,2,0,4,4,4
PR773,9085-1FE8,2015-09-29,4,4,2,2,3,3,3,3
PR774,130F-32AB,2015-10-02,4,5,3,1,0,4,5,5
PR775,B34E-95FF,2015-10-02,4,2,3,1,1,4,4,4
PR776,87D2-8B67,2015-10-02,4,5,4,2,0,4,4,3
PR777,277A-A6FA,2015-10-04,4,3,5,2,1,4,3,2
PR778,022A-0219,2015-10-09,3,4,5,2,2,4,5,5
PR779,817D-28CE,2015-10-10,3,4,2,2,2,4,5,5
PR780,EC6A-DD76,2015-10-10,4,5,3,2,1,2,3,3
PR781,FAC0-942B,2015-10-15,4,2,2,3,0,2,5,5
PR782,45FF-ACE6,2015-10-18,5,4,3,3,0,5,4,4
PR783,AA19-95BD,2015-10-18,4,5,3,3,0,5,4,4
PR784,7269-88EC,2015-10-19,5,2,3,1,2,2,4,3
PR785,21CB-EF3E,2015-10-23,5,4,4,1,2,3,3,2
PR786,7378-5351,2015-10-26,4,2,5,2,1,3,4,4
PR787,9C7D-E1B1,2015-10-27,4,4,3,2,1,5,5,5
PR788,D199-1896,2015-10-27,4,4,4,1,1,2,5,5
PR789,8C57-8F84,2015-10-29,5,5,3,1,0,2,4,4
PR790,9E22-6287,2015-10-30,5,5,3,3,1,4,3,3
PR791,3012-1A41,2015-10-31,5,5,2,2,1,5,4,4
PR792,6280-B47F,2015-11-01,3,4,5,3,1,2,4,4
PR793,EBBD-37D4,2015-11-03,4,4,5,1,1,4,3,2
PR794,86E9-319B,2015-11-03,4,5,3,3,0,5,4,4
PR795,7FA1-BC64,2015-11-04,5,2,2,2,3,3,4,3
PR796,EC6E-7F42,2015-11-06,4,4,5,1,3,4,3,2
PR797,67ED-A630,2015-11-07,3,3,5,3,1,2,5,4
PR798,FD95-9EEB,2015-11-08,3,2,4,3,3,2,4,4
PR799,AFDF-3DA8,2015-11-09,5,3,2,1,2,5,4,3
PR800,BFF3-AADC,2015-11-10,3,4,2,1,1,3,5,4
PR801,4FC2-A40D,2015-11-11,4,5,3,1,2,4,4,3
PR802,3E4A-F28F,2015-11-12,4,4,5,3,0,3,4,3
PR803,F578-F0C8,2015-11-12,5,3,2,1,2,3,4,3
PR804,9728-1A5B,2015-11-15,5,4,3,3,1,4,5,4
PR805,C395-8C36,2015-11-18,5,3,2,1,1,2,5,5
PR806,C25C-C434,2015-11-19,5,5,4,3,0,5,3,2
PR807,0145-DBFC,2015-11-20,5,4,3,3,1,4,5,4
PR808,085C-7FC2,2015-11-21,5,4,5,3,1,5,3,2
PR809,7FFD-C810,2015-11-22,5,5,4,1,1,4,5,5
PR810,C219-6C2E,2015-11-23,4,3,3,1,3,4,3,2
PR811,1749-81A2,2015-11-24,3,2,3,2,2,3,5,4
PR812,5B11-3DB3,2015-11-26,3,2,3,2,2,2,5,4
PR813,6A2B-42DB,2015-11-26,3,5,3,2,0,3,5,5
PR814,3994-472A,2015-11-27,4,2,4,1,1,3,4,4
PR815,12B5-11CC,2015-11-28,5,4,4,2,3,4,4,3
PR816,4969-9A35,2015-11-29,3,3,5,2,1,2,4,4
PR817,9FE1-0345,2015-12-02,5,5,3,2,2,3,4,3
PR818,F265-79B0,2015-12-02,4,5,4,2,2,4,4,3
PR819,BD70-7DAE,2015-12-04,4,5,3,2,1,4,3,2
PR82,528C-3E0D,2013-03-17,4,2,5,1,0,3,3,2
PR820,DDAC-D5FD,2015-12-04,4,4,3,3,2,2,5,5
PR821,3D71-8DC2,2015-12-06,4,4,4,1,1,3,3,3
PR822,A923-9EF6,2015-12-06,4,5,3,1,2,2,3,3
PR823,DFA9-990E,2015-12-06,5,5,5,3,2,3,5,4
PR824,C6EC-FEB5,2015-12-08,3,2,5,2,0,4,5,4
PR825,598D-E3B4,2015-12-09,5,2,3,3,0,2,4,4
PR826,B98B-4689,2015-12-09,4,5,3,3,1,2,5,5
PR827,63BF-A86A,2015-12-10,3,5,5,2,2,4,3,2
PR828,58C8-63FA,2015-12-10,4,2,4,3,0,5,4,3
PR829,E6D9-ADEE,2015-12-14,5,4,3,2,1,2,4,3
PR83,9727-BC84,2013-03-19,3,5,3,3,2,5,3,2
PR830,E5C1-B122,2015-12-14,5,2,2,3,1,3,4,4
PR831,39FC-7149,2015-12-14,3,4,3,2,3,2,4,4
PR832,A2AE-FD61,2015-12-15,3,5,3,1,3,2,4,4
PR833,E55E-9436,2015-12-17,3,5,2,1,1,5,4,4
PR834,DF94-FD29,2015-12-18,3,2,2,3,0,3,4,4
PR835,9C71-34AE,2015-12-19,4,3,5,1,1,2,4,3
PR836,AF5D-A8C8,2015-12-20,3,4,5,1,0,5,5,5
PR837,0CED-EE28,2015-12-21,3,5,3,3,0,2,4,3
PR838,5C61-8F3A,2015-12-21,4,2,5,1,3,4,4,4
PR839,A2FB-2D5D,2015-12-23,3,2,4,3,1,2,4,4
PR84,DA8E-9496,2013-03-19,5,2,5,2,0,5,3,2
PR840,F93D-CB5A,2015-12-23,4,3,5,3,1,3,5,4
PR841,E681-7B57,2015-12-25,4,3,5,2,1,4,3,2
PR842,6C42-A719,2015-12-26,5,2,4,1,3,4,3,3
PR843,A9EB-9E41,2015-12-26,3,3,2,3,0,5,4,4
PR844,4CA1-F139,2015-12-27,3,3,3,2,0,2,3,3
PR845,63B0-1036,2015-12-28,5,2,4,1,1,4,5,5
PR846,74F2-5C55,2015-12-31,4,5,5,1,0,4,3,2
PR847,ACA9-5DC2,2015-12-31,3,5,4,2,0,3,3,2
PR848,40BE-EEAF,2016-01-01,5,5,2,2,0,3,5,5
PR849,79F3-8AA5,2016-01-01,5,4,5,2,1,3,5,4
PR85,DEC5-9319,2013-03-19,3,4,3,3,2,2,4,3
PR850,79F7-78EC,2016-01-02,3,4,5,1,0,5,3,3
PR851,B61E-0F26,2016-01-03,5,3,4,2,1,5,3,2
PR852,F5E3-48BB,2016-01-03,3,2,2,2,1,4,3,3
PR853,C2DD-9D37,2016-01-03,5,3,2,3,0,2,4,3
PR854,0678-748A,2016-01-04,5,3,4,2,1,3,5,4
PR855,541F-3E19,2016-01-04,5,2,5,2,0,2,3,2
PR856,F93E-BDEF,2016-01-04,3,2,4,2,1,3,3,3
PR857,C0A1-EB7D,2016-01-05,4,4,4,2,2,4,4,4
PR858,1359-BEE3,2016-01-06,4,4,2,1,1,4,3,3
PR859,D5DA-363A,2016-01-07,5,5,2,2,1,2,3,2
PR86,E1B4-9AA1,2013-03-23,4,5,3,3,2,5,4,3
PR860,9E7A-1F70,2016-01-08,4,2,5,1,0,3,3,2
PR861,05ED-92F1,2016-01-10,4,4,3,2,0,2,5,4
PR862,F72D-261D,2016-01-10,4,5,2,3,1,3,5,4
PR863,38EB-ADBD,2016-01-10,4,5,4,1,0,4,3,3
PR864,774E-685D,2016-01-11,5,3,4,3,0,5,5,5
PR865,9937-CDF7,2016-01-11,4,3,4,2,1,3,4,4
PR866,CD59-7F94,2016-01-11,3,3,4,1,1,5,4,4
PR867,8CC3-0C6A,2016-01-11,3,2,3,2,1,5,3,2
PR868,7839-CA12,2016-01-12,4,5,3,1,1,3,5,4
PR869,EB66-D679,2016-01-12,5,3,2,2,1,4,3,2
PR87,3CD6-5587,2013-03-24,4,2,3,1,2,5,4,3
PR870,763B-DE6E,2016-01-13,4,2,4,1,3,3,3,2
PR871,12F7-BCBB,2016-01-14,5,4,5,3,1,5,4,3
PR872,D045-B6CA,2016-01-14,3,2,4,2,0,5,3,2
PR873,FF14-A43E,2016-01-15,3,5,4,1,3,5,4,4
PR874,02DA-7A72,2016-01-16,3,2,4,1,1,5,4,4
PR875,28EA-A010,2016-01-16,3,3,4,3,0,2,4,3
PR876,CBB3-0D7E,2016-01-16,5,2,3,3,2,3,4,3
PR877,C330-DAF4,2016-01-16,3,4,5,2,1,5,5,5
PR878,B48C-47D0,2016-01-17,3,5,2,1,1,2,3,2
PR879,6DEB-F440,2016-01-17,3,5,2,3,0,3,4,4
PR88,BAFA-86DF,2013-03-24,5,5,2,1,3,4,4,4
PR880,32AE-C02F,2016-01-18,3,2,3,1,1,3,4,4
PR881,8A6B-AD5C,2016-01-18,4,5,2,2,0,3,5,4
PR882,8D34-EBDF,2016-01-18,4,5,4,3,2,2,5,4
PR883,8BAB-B4A6,2016-01-18,5,5,2,2,2,4,3,2
PR884,6FE1-C8A8,2016-01-19,3,4,3,2,1,5,5,4
PR885,EB8F-204D,2016-01-19,4,4,5,1,1,5,5,5
PR886,606E-A262,2016-01-20,5,5,2,3,0,3,3,2
PR887,CEE1-DA0F,2016-01-20,5,5,2,2,0,2,4,3
PR888,05B0-755F,2016-01-21,3,4,2,2,1,4,4,3
PR889,45D2-369E,2016-01-22,3,5,3,3,3,3,5,5
PR89,5160-53BD,2013-03-25,4,2,3,2,1,2,3,2
PR890,7F1C-20B8,2016-01-22,5,5,4,2,1,4,3,2
PR891,D4D5-27FB,2016-01-23,4,2,5,3,1,5,5,5
PR892,9C71-61AE,2016-01-23,4,5,5,2,0,2,5,4
PR893,8AAD-FAFB,2016-01-24,4,4,2,2,0,5,5,5
PR894,20BA-5868,2016-01-24,3,2,3,3,0,5,4,4
PR895,45D7-5C8A,2016-01-25,5,5,5,2,0,3,3,2
PR896,AB03-8820,2016-01-25,3,5,2,1,1,5,3,3
PR897,B4E1-4A3E,2016-01-26,3,4,5,1,2,2,4,3
PR898,618D-7685,2016-01-27,4,2,2,3,1,2,5,4
PR899,6125-FEC8,2016-01-27,5,3,2,1,0,5,5,4
PR90,81FF-8D6C,2013-03-25,4,3,5,1,1,3,5,4
PR900,5A0B-7F31,2016-01-29,3,2,5,1,2,3,3,2
PR901,E4F4-11B9,2016-01-29,3,5,3,2,0,3,4,4
PR902,B303-8962,2016-01-29,3,2,3,3,2,4,5,4
PR903,98EE-8547,2016-01-30,3,3,5,3,0,4,5,4
PR904,041A-31B0,2016-01-30,3,4,2,1,3,2,5,5
PR905,7279-6591,2016-01-31,3,4,4,1,0,2,3,3
PR906,EEFC-DEC7,2016-01-31,4,3,2,1,2,2,4,4
PR907,1180-BEC9,2016-02-01,4,2,4,2,0,5,5,5
PR908,EE04-1533,2016-02-01,5,4,3,1,1,4,4,3
PR909,B50B-5A18,2016-02-02,3,4,5,2,1,4,4,3
PR91,84E7-02D4,2013-03-26,4,3,5,1,0,3,5,4
PR910,8CF6-3079,2016-02-03,3,4,5,2,1,5,3,3
PR911,D7EE-56FC,2016-02-03,4,3,2,2,0,3,5,5
PR912,1F12-DDDA,2016-02-03,5,2,2,1,0,2,5,4
PR913,62A3-DEA7,2016-02-04,5,3,3,3,0,4,4,3
PR914,586E-5C14,2016-02-04,5,2,2,1,1,4,3,2
PR915,8EE9-E86D,2016-02-05,4,4,4,2,2,5,5,5
PR916,F3CD-9B5B,2016-02-05,5,5,4,3,1,2,5,4
PR917,AD0D-E79F,2016-02-05,5,2,4,3,0,2,4,4
PR918,D8B3-30D2,2016-02-05,5,4,4,2,1,3,4,3
PR919,151D-1FF2,2016-02-06,5,4,3,1,0,3,3,2
PR92,6176-3BEE,2013-03-28,5,4,3,2,1,2,3,2
PR920,5476-CA0D,2016-02-06,3,4,4,2,1,2,5,4
PR921,D696-9D82,2016-02-06,3,5,3,3,1,5,3,2
PR922,C96F-0F3B,2016-02-09,3,2,5,2,0,4,5,4
PR923,EE39-C8F2,2016-02-09,5,5,5,2,2,5,5,4
PR924,9DFE-1FD5,2016-02-10,5,5,2,1,0,5,5,4
PR925,0D1B-DEC2,2016-02-11,4,4,5,2,2,4,3,3
PR926,B407-ABCA,2016-02-11,3,3,4,3,0,3,5,4
PR927,5818-560C,2016-02-11,5,2,5,2,1,2,4,3
PR928,DB6C-3B2F,2016-02-12,4,5,3,2,0,3,4,3
PR929,8ED3-4377,2016-02-12,4,5,2,3,1,2,4,4
PR93,03C5-51AD,2013-03-31,4,2,2,1,1,4,3,3
PR930,279C-7342,2016-02-13,3,5,2,1,2,4,3,2
PR931,83FD-F920,2016-02-13,5,3,2,1,1,2,4,4
PR932,626A-9377,2016-02-14,4,2,4,2,0,5,4,3
PR933,0DBC-596E,2016-02-15,4,5,5,1,1,3,3,2
PR934,5A04-0EB4,2016-02-16,5,3,3,3,2,2,4,4
PR935,111D-E5EF,2016-02-16,5,3,5,2,1,3,3,3
PR936,97F4-0B14,2016-02-16,3,2,5,3,3,5,3,2
PR937,5021-95FC,2016-02-18,3,3,5,3,2,4,3,2
PR938,B97B-73D7,2016-02-18,4,4,4,2,0,5,4,3
PR939,D351-C7E4,2016-02-18,3,3,2,2,1,3,4,3
PR94,8FD9-AA59,2013-04-01,4,2,4,1,1,2,3,2
PR940,3C7D-86ED,2016-02-19,5,2,2,3,2,4,4,4
PR941,2219-56CA,2016-02-21,4,2,4,2,1,2,5,4
PR942,8FB2-4CE0,2016-02-21,4,5,2,2,2,4,5,5
PR943,D6BA-10A1,2016-02-21,3,5,2,1,1,4,5,5
PR944,5237-1B85,2016-02-22,4,5,3,3,0,4,5,5
PR945,F968-671C,2016-02-22,5,4,3,1,0,4,3,3
PR946,F997-FE6C,2016-02-22,4,4,2,1,1,2,4,4
PR947,5B08-EF96,2016-02-23,4,2,2,1,2,3,4,3
PR948,E348-E12B,2016-02-23,5,5,3,2,0,2,5,4
PR949,8ACE-C5CE,2016-02-23,3,3,5,2,0,4,5,5
PR95,1A6D-AF5D,2013-04-02,5,5,2,2,0,5,5,5
PR950,C900-9EF9,2016-02-23,4,3,4,3,0,4,5,5
PR951,63DA-AA21,2016-02-24,3,2,3,3,3,4,5,5
PR952,3120-B11F,2016-02-25,4,4,4,1,0,3,4,4
PR953,C016-FA12,2016-02-26,4,4,4,2,1,4,4,3
PR954,3560-C117,2016-02-27,4,3,4,3,3,3,3,3
PR955,1914-B934,2016-02-27,5,4,4,1,1,4,3,3
PR956,596B-33F4,2016-02-28,3,4,5,1,1,5,5,5
PR957,E7A6-33A3,2016-02-28,3,5,4,3,0,3,3,3
PR958,00D4-DD53,2016-02-29,5,4,5,1,1,5,4,4
PR959,7749-B277,2016-02-29,4,4,3,3,0,4,4,3
PR96,B6EC-313E,2013-04-04,3,5,5,3,0,5,4,3
PR960,7823-0217,2016-02-29,3,2,4,2,1,3,5,5
PR961,6E7B-D50D,2016-02-29,4,2,2,3,2,3,3,2
PR962,17AD-99F5,2016-03-01,3,4,4,1,2,5,4,3
PR963,CC8A-0B1F,2016-03-01,5,4,5,2,1,4,4,3
PR964,DE22-FB63,2016-03-01,5,2,4,3,1,5,5,4
PR965,A366-C17A,2016-03-01,3,4,4,3,2,3,3,3
PR966,EACC-D1F6,2016-03-02,3,2,4,1,1,3,5,5
PR967,21B3-8491,2016-03-02,4,4,2,2,2,5,4,3
PR968,C57E-6E4F,2016-03-03,4,3,5,3,2,4,5,5
PR969,CC2F-670E,2016-03-03,3,2,5,1,1,3,4,3
PR97,0D8F-C0F3,2013-04-06,5,5,3,1,1,4,4,3
PR970,FD0B-7B0A,2016-03-03,3,4,3,2,2,5,4,3
PR971,0322-D46B,2016-03-03,5,5,2,1,3,2,4,3
PR972,06B9-B79D,2016-03-04,5,4,4,2,1,2,5,4
PR973,1054-9C3B,2016-03-05,4,2,5,2,3,4,5,5
PR974,155B-42BE,2016-03-05,4,5,3,3,2,4,5,5
PR975,5222-EBE1,2016-03-05,4,5,3,2,2,3,3,3
PR976,B1EC-849B,2016-03-05,3,3,4,2,0,5,4,4
PR977,8567-5B27,2016-03-06,5,3,4,2,0,2,3,2
PR978,D970-9F5E,2016-03-06,4,3,4,1,0,4,4,4
PR979,EAB1-2EB2,2016-03-06,3,2,5,1,1,5,3,3
PR98,076F-8AA3,2013-04-07,4,2,3,2,1,3,3,3
PR980,7EE7-2C43,2016-03-07,5,3,2,3,0,2,3,3
PR981,D954-6402,2016-03-07,3,3,5,1,1,2,5,5
PR982,73CF-4956,2016-03-07,5,4,5,2,1,5,3,3
PR983,E3B6-49F8,2016-03-07,3,5,5,3,3,3,3,2
PR984,4B6E-3C21,2016-03-09,3,4,3,1,1,2,3,2
PR985,40A9-8EB0,2016-03-09,4,4,3,1,3,2,3,3
PR986,0C23-26DD,2016-03-09,4,5,3,3,1,5,4,4
PR987,B005-602F,2016-03-10,5,3,2,2,3,4,5,4
PR988,4A0E-9958,2016-03-11,4,4,2,1,1,2,3,2
PR989,CFE3-312D,2016-03-11,5,4,3,3,0,5,5,5
PR99,2FC6-7ED5,2013-04-07,4,2,4,3,1,4,5,4
PR990,A590-DF69,2016-03-12,5,5,4,2,2,5,4,3
PR991,68FB-06A7,2016-03-13,5,3,5,3,0,4,3,3
PR992,2551-DD9B,2016-03-13,4,4,4,3,3,2,4,4
PR993,56A5-271B,2016-03-13,4,2,2,1,1,4,4,3
PR994,B3FE-D332,2016-03-13,4,4,3,1,1,3,4,3
PR995,4F28-CFAF,2016-03-14,5,3,3,3,1,5,5,4
PR996,7C80-94E0,2016-03-14,3,5,4,2,1,3,4,4
PR997,8233-2483,2016-03-14,3,4,2,3,1,2,3,2
PR998,8A5B-3D6E,2016-03-15,5,2,5,2,2,4,3,3
PR999,4500-37EB,2016-03-16,4,5,5,3,1,2,3,3
